date,price,daily_return,paper_count
2016-09-14,14.17109,0.0,3
2016-09-15,14.17109,0.0,3
2016-09-16,14.11348,-0.00406,3
2016-09-19,14.2479,0.00952,7
2016-09-20,14.37271,0.00876,10
2016-09-21,14.37271,0.0,5
2016-09-22,14.70875,0.02338,4
2016-09-23,14.66074,-0.00326,5
2016-09-26,14.43128,-0.01565,6
2016-09-27,14.60313,0.01191,6
2016-09-28,14.69915,0.00657,1
2016-09-29,14.65114,-0.00327,2
2016-09-30,14.69915,0.00328,6
2016-10-03,14.64826,-0.00346,2
2016-10-04,14.64154,-0.00046,8
2016-10-05,14.77595,0.00918,11
2016-10-06,14.72795,-0.00325,11
2016-10-07,14.73755,0.00065,6
2016-10-10,14.80667,0.00469,7
2016-10-11,14.68954,-0.00791,4
2016-10-12,14.63194,-0.00392,3
2016-10-13,14.51673,-0.00787,5
2016-10-14,14.51673,0.0,3
2016-10-17,14.56473,0.00331,8
2016-10-18,14.67994,0.00791,9
2016-10-19,14.65114,-0.00196,6
2016-10-20,14.68954,0.00262,14
2016-10-21,14.68954,0.0,3
2016-10-24,14.68954,0.0,9
2016-10-25,14.56473,-0.0085,7
2016-10-26,14.56473,0.0,6
2016-10-27,14.40151,-0.01121,5
2016-10-28,14.45912,0.004,3
2016-10-31,14.42071,-0.00266,8
2016-11-01,14.35351,-0.00466,5
2016-11-02,14.21909,-0.00936,9
2016-11-03,14.2767,0.00405,6
2016-11-04,14.2287,-0.00336,7
2016-11-07,14.38231,0.0108,7
2016-11-08,14.44952,0.00467,6
2016-11-09,14.45912,0.00066,4
2016-11-10,14.58393,0.00863,6
2016-11-11,14.56473,-0.00132,9
2016-11-14,14.62234,0.00396,5
2016-11-15,14.66074,0.00263,7
2016-11-16,14.49176,-0.01153,8
2016-11-17,14.73755,0.01696,11
2016-11-18,14.52633,-0.01433,10
2016-11-21,14.57913,0.00364,9
2016-11-22,14.55417,-0.00171,6
2016-11-23,14.58393,0.00204,8
2016-11-25,14.59353,0.00066,6
2016-11-28,14.58393,-0.00066,4
2016-11-29,14.59353,0.00066,16
2016-11-30,14.47832,-0.00789,8
2016-12-01,14.3055,-0.01194,9
2016-12-02,14.2383,-0.0047,9
2016-12-05,14.39863,0.01126,6
2016-12-06,14.36407,-0.0024,8
2016-12-07,14.52633,0.0113,8
2016-12-08,14.61273,0.00595,7
2016-12-09,14.59353,-0.00131,2
2016-12-12,14.43992,-0.01053,6
2016-12-13,14.54553,0.00731,10
2016-12-14,14.3055,-0.0165,8
2016-12-15,14.33431,0.00201,7
2016-12-16,14.2575,-0.00536,4
2016-12-19,14.35351,0.00673,7
2016-12-20,14.37271,0.00134,4
2016-12-21,14.35351,-0.00134,3
2016-12-22,14.31606,-0.00261,7
2016-12-23,14.35159,0.00248,2
2016-12-27,14.35063,-7e-05,5
2016-12-28,14.40058,0.00348,5
2016-12-29,14.34102,-0.00414,4
2016-12-30,14.41019,0.00482,8
2017-01-03,14.50626,0.00667,9
2017-01-04,14.71761,0.01457,2
2017-01-05,14.74643,0.00196,7
2017-01-06,14.76564,0.0013,3
2017-01-09,14.72721,-0.0026,5
2017-01-10,14.78485,0.00391,6
2017-01-11,14.89053,0.00715,2
2017-01-12,14.92896,0.00258,3
2017-01-13,15.01542,0.00579,8
2017-01-17,14.90974,-0.00704,6
2017-01-18,14.90014,-0.00064,6
2017-01-19,14.96738,0.00451,7
2017-01-20,15.04424,0.00513,4
2017-01-23,15.15856,0.0076,7
2017-01-24,15.37087,0.01401,7
2017-01-25,15.72632,0.02313,4
2017-01-26,15.74554,0.00122,6
2017-01-27,15.68885,-0.0036,6
2017-01-30,15.63025,-0.00374,5
2017-01-31,15.67349,0.00277,11
2017-02-01,15.82239,0.0095,4
2017-02-02,15.74554,-0.00486,5
2017-02-03,15.79357,0.00305,3
2017-02-06,15.70711,-0.00547,4
2017-02-07,15.71671,0.00061,5
2017-02-08,15.71671,0.0,1
2017-02-09,15.67828,-0.00245,4
2017-02-10,15.78396,0.00674,4
2017-02-13,15.94728,0.01035,7
2017-02-14,15.96649,0.0012,3
2017-02-15,15.95689,-0.0006,10
2017-02-16,15.94728,-0.0006,2
2017-02-17,16.04334,0.00602,4
2017-02-21,16.08657,0.00269,4
2017-02-22,16.04334,-0.00269,10
2017-02-23,16.10579,0.00389,5
2017-02-24,15.94728,-0.00984,5
2017-02-27,15.96649,0.0012,8
2017-02-28,15.93767,-0.00181,10
2017-03-01,16.19609,0.01621,14
2017-03-02,16.07216,-0.00765,10
2017-03-03,16.05775,-0.0009,6
2017-03-06,15.98571,-0.00449,12
2017-03-07,15.92614,-0.00373,9
2017-03-08,15.93767,0.00072,12
2017-03-09,15.92326,-0.0009,12
2017-03-10,16.07216,0.00935,4
2017-03-13,16.32194,0.01554,8
2017-03-14,16.24509,-0.00471,4
2017-03-15,16.38919,0.00887,11
2017-03-16,16.44683,0.00352,6
2017-03-17,16.59093,0.00876,2
2017-03-20,16.61111,0.00122,6
2017-03-21,16.45644,-0.00931,12
2017-03-22,16.45644,0.0,7
2017-03-23,16.5525,0.00584,4
2017-03-24,16.61687,0.00389,7
2017-03-27,16.63897,0.00133,5
2017-03-28,16.74465,0.00635,10
2017-03-29,16.74944,0.00029,7
2017-03-30,16.69661,-0.00315,8
2017-03-31,16.68028,-0.00098,3
2017-04-03,16.64185,-0.0023,11
2017-04-04,16.55155,-0.00543,8
2017-04-05,16.5525,6e-05,6
2017-04-06,16.43722,-0.00696,12
2017-04-07,16.52369,0.00526,6
2017-04-10,16.44683,-0.00465,10
2017-04-11,16.40841,-0.00234,7
2017-04-12,16.33155,-0.00468,5
2017-04-13,16.25469,-0.00471,2
2017-04-17,16.36037,0.0065,10
2017-04-18,16.28352,-0.0047,11
2017-04-19,16.52369,0.01475,14
2017-04-20,16.59093,0.00407,9
2017-04-21,16.5525,-0.00232,3
2017-04-24,16.86953,0.01915,11
2017-04-25,16.85416,-0.00091,9
2017-04-26,17.00402,0.00889,10
2017-04-27,17.07512,0.00418,7
2017-04-28,17.2538,0.01046,5
2017-05-01,17.28262,0.00167,4
2017-05-02,17.2538,-0.00167,7
2017-05-03,17.2442,-0.00056,6
2017-05-04,17.28262,0.00223,4
2017-05-05,17.42672,0.00834,10
2017-05-08,17.45555,0.00165,5
2017-05-09,17.40079,-0.00314,12
2017-05-10,17.3883,-0.00072,7
2017-05-11,17.31144,-0.00442,1
2017-05-12,17.37869,0.00388,8
2017-05-15,17.46515,0.00497,10
2017-05-16,17.5324,0.00385,19
2017-05-17,17.30184,-0.01315,9
2017-05-18,17.26341,-0.00222,7
2017-05-19,17.51319,0.01447,11
2017-05-22,17.69571,0.01042,8
2017-05-23,17.70532,0.00054,12
2017-05-24,17.65729,-0.00271,10
2017-05-25,17.79178,0.00762,9
2017-05-26,17.77257,-0.00108,15
2017-05-30,17.85903,0.00486,12
2017-05-31,17.87824,0.00108,13
2017-06-01,18.14723,0.01505,8
2017-06-02,18.35858,0.01165,5
2017-06-05,18.40662,0.00262,5
2017-06-06,18.31055,-0.00522,2
2017-06-07,18.34898,0.0021,10
2017-06-08,18.33937,-0.00052,13
2017-06-09,18.19527,-0.00786,8
2017-06-12,18.00313,-0.01056,8
2017-06-13,18.08959,0.0048,15
2017-06-14,18.06077,-0.00159,4
2017-06-15,17.811,-0.01383,9
2017-06-16,17.89746,0.00485,11
2017-06-19,18.1088,0.01181,9
2017-06-20,18.1088,0.0,14
2017-06-21,18.18566,0.00424,7
2017-06-22,18.17605,-0.00053,7
2017-06-23,18.19527,0.00106,2
2017-06-26,18.20007,0.00026,8
2017-06-27,18.0992,-0.00554,1
2017-06-28,18.11841,0.00106,3
2017-06-29,17.90707,-0.01166,4
2017-06-30,17.92532,0.00102,8
2017-07-03,17.83981,-0.00477,2
2017-07-05,17.8206,-0.00108,12
2017-07-06,17.73414,-0.00485,6
2017-07-07,17.89746,0.00921,6
2017-07-10,17.99352,0.00537,10
2017-07-11,18.12802,0.00747,16
2017-07-12,18.33937,0.01166,15
2017-07-13,18.32976,-0.00052,21
2017-07-14,18.50268,0.00943,5
2017-07-17,18.44984,-0.00286,15
2017-07-18,18.5219,0.00391,9
2017-07-19,18.56033,0.00207,8
2017-07-20,18.666,0.00569,5
2017-07-21,18.8101,0.00772,8
2017-07-24,18.8005,-0.00051,12
2017-07-25,18.82931,0.00153,16
2017-07-26,18.93499,0.00561,15
2017-07-27,19.01184,0.00406,21
2017-07-28,19.12712,0.00606,8
2017-07-31,19.0983,-0.00151,9
2017-08-01,19.15595,0.00302,9
2017-08-02,19.26162,0.00552,9
2017-08-03,19.2328,-0.0015,6
2017-08-04,19.2328,0.0,10
2017-08-07,19.30965,0.004,10
2017-08-08,19.28083,-0.00149,8
2017-08-09,19.30005,0.001,10
2017-08-10,18.97342,-0.01692,8
2017-08-11,18.93019,-0.00228,7
2017-08-14,19.21358,0.01497,12
2017-08-15,19.2232,0.0005,10
2017-08-16,19.30965,0.0045,9
2017-08-17,19.28083,-0.00149,11
2017-08-18,19.26162,-0.001,4
2017-08-21,19.2328,-0.0015,8
2017-08-22,19.47297,0.01249,5
2017-08-23,19.5114,0.00197,5
2017-08-24,19.45376,-0.00295,4
2017-08-25,19.38651,-0.00346,8
2017-08-28,19.48258,0.00496,8
2017-08-29,19.5114,0.00148,5
2017-08-30,19.56904,0.00295,6
2017-08-31,19.69393,0.00638,2
2017-09-01,19.80921,0.00585,6
2017-09-05,19.72275,-0.00436,9
2017-09-06,19.78039,0.00292,6
2017-09-07,19.9341,0.00777,8
2017-09-08,20.04938,0.00578,9
2017-09-11,20.30876,0.01294,11
2017-09-12,20.44326,0.00662,13
2017-09-13,20.3664,-0.00376,7
2017-09-14,20.44326,0.00377,16
2017-09-15,20.58736,0.00705,14
2017-09-18,20.76989,0.00887,14
2017-09-19,20.88517,0.00555,8
2017-09-20,21.00045,0.00552,11
2017-09-21,20.65461,-0.01647,13
2017-09-22,20.60657,-0.00233,9
2017-09-25,20.58736,-0.00093,10
2017-09-26,20.38562,-0.0098,10
2017-09-27,20.58736,0.0099,8
2017-09-28,20.73146,0.007,9
2017-09-29,20.89477,0.00788,11
2017-10-02,21.05809,0.00782,7
2017-10-03,21.2118,0.0073,9
2017-10-04,21.26944,0.00272,4
2017-10-05,21.2118,-0.00271,6
2017-10-06,21.08692,-0.00589,7
2017-10-09,21.2022,0.00547,4
2017-10-10,21.30787,0.00498,11
2017-10-11,21.42315,0.00541,8
2017-10-12,21.56725,0.00673,7
2017-10-13,21.89388,0.01514,5
2017-10-16,21.98035,0.00395,5
2017-10-17,22.17248,0.00874,10
2017-10-18,22.17248,0.0,9
2017-10-19,22.04759,-0.00563,3
2017-10-20,22.1917,0.00654,8
2017-10-23,22.47029,0.01255,9
2017-10-24,22.72006,0.01112,6
2017-10-25,22.53754,-0.00803,5
2017-10-26,22.03798,-0.02217,9
2017-10-27,22.15326,0.00523,14
2017-10-30,22.37422,0.00997,6
2017-10-31,22.67203,0.01331,11
2017-11-01,22.72006,0.00212,11
2017-11-02,22.6336,-0.00381,6
2017-11-03,22.71046,0.0034,8
2017-11-06,22.87378,0.00719,10
2017-11-07,23.15237,0.01218,8
2017-11-08,23.34451,0.0083,13
2017-11-09,23.02748,-0.01358,14
2017-11-10,23.11394,0.00375,11
2017-11-13,22.95063,-0.00707,15
2017-11-14,22.89299,-0.00251,17
2017-11-15,22.61439,-0.01217,9
2017-11-16,23.10434,0.02167,17
2017-11-17,23.12356,0.00083,10
2017-11-20,23.29647,0.00748,18
2017-11-21,23.63271,0.01443,23
2017-11-22,23.7576,0.00528,15
2017-11-24,23.91131,0.00647,4
2017-11-27,23.83446,-0.00321,13
2017-11-28,23.71917,-0.00484,20
2017-11-29,23.23883,-0.02025,10
2017-11-30,22.96984,-0.01158,16
2017-12-01,22.9026,-0.00293,7
2017-12-04,22.44147,-0.02013,13
2017-12-05,22.35501,-0.00385,14
2017-12-06,22.31658,-0.00172,8
2017-12-07,22.58557,0.01205,4
2017-12-08,22.66242,0.0034,9
2017-12-11,22.55675,-0.00466,13
2017-12-12,22.41265,-0.00639,12
2017-12-13,22.22051,-0.00857,6
2017-12-14,22.12444,-0.00432,8
2017-12-15,22.39343,0.01216,6
2017-12-18,22.80653,0.01845,10
2017-12-19,22.624,-0.008,9
2017-12-20,22.68164,0.00255,6
2017-12-21,22.74889,0.00296,8
2017-12-22,22.83535,0.0038,7
2017-12-26,22.94102,0.00463,3
2017-12-27,22.97945,0.00167,1
2017-12-28,22.91412,-0.00284,6
2017-12-29,22.77001,-0.00629,4
2018-01-02,23.05823,0.01266,8
2018-01-03,23.529,0.02042,8
2018-01-04,23.86527,0.01429,6
2018-01-05,24.13428,0.01127,10
2018-01-08,24.30722,0.00717,5
2018-01-09,24.38408,0.00316,11
2018-01-10,24.5378,0.0063,8
2018-01-11,24.75878,0.00901,8
2018-01-12,25.15269,0.01591,5
2018-01-16,25.56582,0.01642,9
2018-01-17,25.9309,0.01428,9
2018-01-18,25.86365,-0.00259,3
2018-01-19,26.19031,0.01263,6
2018-01-22,26.22874,0.00147,7
2018-01-23,26.3056,0.00293,7
2018-01-24,26.07501,-0.00877,6
2018-01-25,25.9309,-0.00553,7
2018-01-26,26.20952,0.01074,6
2018-01-29,26.03659,-0.0066,13
2018-01-30,25.47935,-0.0214,12
2018-01-31,25.43131,-0.00189,12
2018-02-01,25.62346,0.00756,5
2018-02-02,24.93171,-0.027,10
2018-02-05,23.45214,-0.05934,13
2018-02-06,24.00938,0.02376,6
2018-02-07,23.8941,-0.0048,14
2018-02-08,22.87569,-0.04262,10
2018-02-09,22.97177,0.0042,12
2018-02-12,23.40411,0.01882,9
2018-02-13,23.12549,-0.0119,13
2018-02-14,23.45214,0.01413,14
2018-02-15,23.81723,0.01557,10
2018-02-16,23.81723,0.0,13
2018-02-20,23.69233,-0.00524,13
2018-02-21,23.71155,0.00081,10
2018-02-22,23.74998,0.00162,13
2018-02-23,24.019,0.01133,20
2018-02-26,24.23997,0.0092,16
2018-02-27,24.04782,-0.00793,16
2018-02-28,23.67312,-0.01558,12
2018-03-01,23.0198,-0.0276,18
2018-03-02,23.2696,0.01085,16
2018-03-05,23.28881,0.00083,11
2018-03-06,23.73077,0.01898,7
2018-03-07,23.42332,-0.01296,13
2018-03-08,23.58665,0.00697,8
2018-03-09,23.91331,0.01385,5
2018-03-12,24.07664,0.00683,11
2018-03-13,23.96135,-0.00479,10
2018-03-14,24.11507,0.00642,9
2018-03-15,24.22075,0.00438,4
2018-03-16,24.00938,-0.00873,8
2018-03-19,23.53861,-0.01961,4
2018-03-20,23.49058,-0.00204,7
2018-03-21,23.47136,-0.00082,8
2018-03-22,23.19274,-0.01187,10
2018-03-23,22.44335,-0.03231,14
2018-03-26,23.08706,0.02868,10
2018-03-27,22.74118,-0.01498,10
2018-03-28,22.75079,0.00042,13
2018-03-29,23.24078,0.02154,15
2018-04-02,22.68354,-0.02398,8
2018-04-03,22.80844,0.00551,7
2018-04-04,22.46256,-0.01516,7
2018-04-05,22.57785,0.00513,10
2018-04-06,22.04943,-0.0234,6
2018-04-09,22.0014,-0.00218,11
2018-04-10,22.62589,0.02838,13
2018-04-11,22.77961,0.00679,14
2018-04-12,22.85648,0.00337,13
2018-04-13,22.83726,-0.00084,8
2018-04-16,22.8853,0.0021,10
2018-04-17,23.16392,0.01217,13
2018-04-18,23.50979,0.01493,10
2018-04-19,23.34646,-0.00695,14
2018-04-20,23.11588,-0.00988,14
2018-04-23,22.92373,-0.00831,22
2018-04-24,22.74118,-0.00796,5
2018-04-25,22.40491,-0.01479,11
2018-04-26,22.53942,0.006,18
2018-04-27,22.28962,-0.01108,16
2018-04-30,22.19355,-0.00431,9
2018-05-01,22.1359,-0.0026,12
2018-05-02,22.06865,-0.00304,8
2018-05-03,22.11669,0.00218,10
2018-05-04,22.31845,0.00912,8
2018-05-07,22.47217,0.00689,12
2018-05-08,22.6355,0.00727,14
2018-05-09,22.65471,0.00085,14
2018-05-10,22.86608,0.00933,12
2018-05-11,22.97177,0.00462,9
2018-05-14,23.02941,0.00251,12
2018-05-15,22.56824,-0.02003,10
2018-05-16,22.56824,0.0,16
2018-05-17,22.56824,0.0,18
2018-05-18,22.66432,0.00426,12
2018-05-21,22.86608,0.0089,17
2018-05-22,22.87569,0.00042,15
2018-05-23,22.78922,-0.00378,16
2018-05-24,22.57785,-0.00927,16
2018-05-25,22.52982,-0.00213,14
2018-05-29,22.31845,-0.00938,15
2018-05-30,22.43374,0.00517,19
2018-05-31,22.32806,-0.00471,15
2018-06-01,22.53942,0.00947,13
2018-06-04,22.69314,0.00682,21
2018-06-05,22.70275,0.00042,14
2018-06-06,22.62589,-0.00339,20
2018-06-07,22.53942,-0.00382,15
2018-06-08,22.57785,0.00171,15
2018-06-11,22.75079,0.00766,19
2018-06-12,22.67393,-0.00338,10
2018-06-13,22.54903,-0.00551,19
2018-06-14,22.47217,-0.00341,15
2018-06-15,22.20316,-0.01197,7
2018-06-18,21.92454,-0.01255,12
2018-06-19,21.61709,-0.01402,26
2018-06-20,21.83807,0.01022,18
2018-06-21,21.78042,-0.00264,14
2018-06-22,21.79964,0.00088,17
2018-06-25,21.28083,-0.0238,14
2018-06-26,21.40573,0.00587,15
2018-06-27,21.09828,-0.01436,4
2018-06-28,21.19436,0.00455,15
2018-06-29,21.14632,-0.00227,10
2018-07-02,21.05985,-0.00409,18
2018-07-03,21.05025,-0.00046,12
2018-07-05,20.81966,-0.01095,13
2018-07-06,21.03103,0.01015,16
2018-07-09,21.2424,0.01005,12
2018-07-10,21.52102,0.01312,8
2018-07-11,21.09828,-0.01964,14
2018-07-12,21.30965,0.01002,10
2018-07-13,21.28083,-0.00135,7
2018-07-16,21.252,-0.00135,11
2018-07-17,21.05025,-0.00949,13
2018-07-18,21.10789,0.00274,15
2018-07-19,21.21358,0.00501,7
2018-07-20,21.09828,-0.00543,9
2018-07-23,20.97338,-0.00592,17
2018-07-24,21.17515,0.00962,7
2018-07-25,21.53062,0.01679,19
2018-07-26,21.7516,0.01026,17
2018-07-27,21.77082,0.00088,10
2018-07-30,21.42494,-0.01589,13
2018-07-31,21.43455,0.00045,15
2018-08-01,21.42494,-0.00045,11
2018-08-02,21.34808,-0.00359,11
2018-08-03,21.34808,0.0,5
2018-08-06,21.27122,-0.0036,9
2018-08-07,21.26161,-0.00045,12
2018-08-08,21.47298,0.00994,14
2018-08-09,21.59788,0.00582,8
2018-08-10,21.34808,-0.01157,5
2018-08-13,21.05985,-0.0135,10
2018-08-14,21.09828,0.00182,11
2018-08-15,20.70437,-0.01867,7
2018-08-16,20.84848,0.00696,6
2018-08-17,20.96378,0.00553,6
2018-08-20,21.02142,0.00275,8
2018-08-21,21.21358,0.00914,10
2018-08-22,21.41533,0.00951,13
2018-08-23,21.33848,-0.00359,14
2018-08-24,21.39612,0.0027,7
2018-08-27,21.78042,0.01796,13
2018-08-28,22.03022,0.01147,11
2018-08-29,22.17433,0.00654,11
2018-08-30,22.07825,-0.00433,13
2018-08-31,22.14551,0.00305,8
2018-09-04,21.84767,-0.01345,9
2018-09-05,21.54984,-0.01363,10
2018-09-06,21.48259,-0.00312,26
2018-09-07,21.19436,-0.01342,19
2018-09-10,21.33848,0.0068,21
2018-09-11,21.21358,-0.00585,15
2018-09-12,21.10789,-0.00498,19
2018-09-13,21.29043,0.00865,19
2018-09-14,21.77082,0.02256,14
2018-09-17,21.7516,-0.00088,10
2018-09-18,22.03983,0.01325,13
2018-09-19,22.11669,0.00349,19
2018-09-20,22.16472,0.00217,13
2018-09-21,22.16472,0.0,17
2018-09-24,22.16472,0.0,16
2018-09-25,22.06865,-0.00433,11
2018-09-26,22.011,-0.00261,14
2018-09-27,21.8765,-0.00611,11
2018-09-28,21.98219,0.00483,15
2018-10-01,22.19355,0.00962,14
2018-10-02,22.05904,-0.00606,11
2018-10-03,21.88611,-0.00784,19
2018-10-04,21.53062,-0.01624,8
2018-10-05,21.23279,-0.01383,12
2018-10-08,21.0022,-0.01086,13
2018-10-09,20.68516,-0.0151,19
2018-10-10,19.64754,-0.05016,14
2018-10-11,19.28245,-0.01858,13
2018-10-12,19.77244,0.02541,14
2018-10-15,19.64754,-0.00632,10
2018-10-16,20.27203,0.03178,16
2018-10-17,20.28164,0.00047,8
2018-10-18,19.6091,-0.03316,6
2018-10-19,19.40735,-0.01029,18
2018-10-22,19.49381,0.00446,22
2018-10-23,19.13834,-0.01824,20
2018-10-24,18.13914,-0.05221,16
2018-10-25,18.39855,0.0143,16
2018-10-26,18.03346,-0.01984,18
2018-10-29,17.6972,-0.01865,19
2018-10-30,18.40816,0.04017,20
2018-10-31,18.94618,0.02923,21
2018-11-01,19.15755,0.01116,17
2018-11-02,19.62832,0.02457,17
2018-11-05,19.54185,-0.00441,15
2018-11-06,19.5995,0.00295,22
2018-11-07,19.89733,0.0152,16
2018-11-08,19.54185,-0.01787,15
2018-11-09,19.16715,-0.01917,12
2018-11-12,18.73481,-0.02256,15
2018-11-13,18.81168,0.0041,25
2018-11-14,18.78285,-0.00153,18
2018-11-15,18.96539,0.00972,28
2018-11-16,18.64834,-0.01672,15
2018-11-19,18.31208,-0.01803,14
2018-11-20,17.91817,-0.02151,12
2018-11-21,18.26404,0.0193,14
2018-11-23,18.06228,-0.01105,10
2018-11-26,18.5907,0.02926,20
2018-11-27,18.47541,-0.0062,17
2018-11-28,19.07108,0.03224,21
2018-11-29,18.975,-0.00504,21
2018-11-30,18.93657,-0.00203,22
2018-12-03,19.31127,0.01979,21
2018-12-04,18.32169,-0.05124,18
2018-12-06,17.94699,-0.02045,12
2018-12-07,17.50504,-0.02463,9
2018-12-10,17.41857,-0.00494,8
2018-12-11,17.16878,-0.01434,8
2018-12-12,17.49543,0.01903,8
2018-12-13,17.38975,-0.00604,10
2018-12-14,16.96701,-0.02431,8
2018-12-17,16.60193,-0.02152,16
2018-12-18,16.71721,0.00694,12
2018-12-19,16.50585,-0.01264,10
2018-12-20,16.19841,-0.01863,10
2018-12-21,15.74685,-0.02788,21
2018-12-24,15.4298,-0.02013,6
2018-12-26,16.12155,0.04483,6
2018-12-27,16.1888,0.00417,8
2018-12-28,16.30674,0.00729,13
2018-12-31,16.31649,0.0006,4
2019-01-02,16.39446,0.00478,9
2019-01-03,15.95585,-0.02675,15
2019-01-04,16.46269,0.03177,10
2019-01-07,16.73561,0.01658,8
2019-01-08,16.95979,0.0134,14
2019-01-09,17.20346,0.01437,11
2019-01-10,17.20346,0.0,8
2019-01-11,17.03777,-0.00963,11
2019-01-14,16.93055,-0.00629,17
2019-01-15,17.31068,0.02245,14
2019-01-16,17.45688,0.00845,11
2019-01-17,17.54461,0.00503,5
2019-01-18,17.93449,0.02222,17
2019-01-22,17.33992,-0.03315,13
2019-01-23,17.33992,0.0,10
2019-01-24,17.63233,0.01686,17
2019-01-25,18.04171,0.02322,11
2019-01-28,17.7298,-0.01729,9
2019-01-29,17.47638,-0.01429,12
2019-01-30,17.81753,0.01952,11
2019-01-31,17.99297,0.00985,20
2019-02-01,18.04171,0.00271,11
2019-02-04,18.20741,0.00918,11
2019-02-05,18.40235,0.01071,17
2019-02-06,18.44133,0.00212,16
2019-02-07,18.21715,-0.01216,9
2019-02-08,18.04171,-0.00963,14
2019-02-11,18.10994,0.00378,15
2019-02-12,18.74349,0.03498,10
2019-02-13,18.87995,0.00728,9
2019-02-14,18.82147,-0.0031,8
2019-02-15,19.13337,0.01657,14
2019-02-19,19.17236,0.00204,10
2019-02-20,19.30882,0.00712,10
2019-02-21,19.2016,-0.00555,13
2019-02-22,19.42578,0.01167,12
2019-02-25,19.61097,0.00953,14
2019-02-26,19.533,-0.00398,22
2019-02-27,19.33806,-0.00998,13
2019-02-28,19.02615,-0.01613,7
2019-03-01,19.26983,0.01281,18
2019-03-04,19.26008,-0.00051,14
2019-03-05,19.2016,-0.00304,21
2019-03-06,19.02615,-0.00914,15
2019-03-07,18.56804,-0.02408,16
2019-03-08,18.52419,-0.00236,14
2019-03-11,18.89944,0.02026,16
2019-03-12,19.08464,0.0098,10
2019-03-13,19.21135,0.00664,17
2019-03-14,19.08464,-0.0066,7
2019-03-15,19.25034,0.00868,7
2019-03-18,19.40629,0.0081,9
2019-03-19,19.49401,0.00452,9
2019-03-20,19.46477,-0.0015,15
2019-03-21,19.64022,0.00901,15
2019-03-22,19.26983,-0.01886,13
2019-03-25,19.27957,0.00051,8
2019-03-26,19.49401,0.01112,14
2019-03-27,19.31856,-0.009,21
2019-03-28,19.48426,0.00858,13
2019-03-29,19.57198,0.0045,17
2019-04-01,19.96187,0.01992,9
2019-04-02,20.08858,0.00635,13
2019-04-03,20.44922,0.01795,10
2019-04-04,20.49795,0.00238,14
2019-04-05,20.68314,0.00903,15
2019-04-08,20.6734,-0.00047,11
2019-04-09,20.59542,-0.00377,7
2019-04-10,20.75137,0.00757,17
2019-04-11,20.68314,-0.00329,15
2019-04-12,20.87808,0.00943,8
2019-04-15,20.89758,0.00093,18
2019-04-16,21.14126,0.01166,16
2019-04-17,21.19973,0.00277,17
2019-04-18,21.21923,0.00092,17
2019-04-22,21.07303,-0.00689,18
2019-04-23,21.16075,0.00416,10
2019-04-24,20.8196,-0.01612,7
2019-04-25,20.6734,-0.00702,24
2019-04-26,20.78062,0.00519,17
2019-04-29,20.87808,0.00469,7
2019-04-30,20.96581,0.0042,18
2019-05-01,20.8196,-0.00697,11
2019-05-02,20.80986,-0.00047,15
2019-05-03,21.20949,0.0192,11
2019-05-06,20.86834,-0.01608,6
2019-05-07,20.1763,-0.03316,18
2019-05-08,20.14706,-0.00145,15
2019-05-09,19.92288,-0.01113,18
2019-05-10,20.07883,0.00783,20
2019-05-13,19.16261,-0.04563,18
2019-05-14,19.54275,0.01984,30
2019-05-15,19.64996,0.00549,21
2019-05-16,19.74743,0.00496,16
2019-05-17,19.40629,-0.01728,16
2019-05-20,18.91893,-0.02511,21
2019-05-21,19.10413,0.00979,15
2019-05-22,18.96767,-0.00714,21
2019-05-23,18.47058,-0.02621,14
2019-05-24,18.71425,0.01319,23
2019-05-28,18.50956,-0.01094,26
2019-05-29,18.46083,-0.00263,31
2019-05-30,18.74349,0.01531,25
2019-05-31,18.32437,-0.02236,31
2019-06-03,18.23664,-0.00479,20
2019-06-04,18.85071,0.03367,35
2019-06-05,18.96767,0.0062,19
2019-06-06,18.86045,-0.00565,17
2019-06-07,19.25034,0.02067,19
2019-06-10,19.45502,0.01063,21
2019-06-11,19.60123,0.00751,20
2019-06-12,19.29907,-0.01542,15
2019-06-13,19.42578,0.00657,12
2019-06-14,19.01641,-0.02107,11
2019-06-17,19.22109,0.01076,8
2019-06-18,19.49401,0.0142,17
2019-06-19,19.80591,0.016,12
2019-06-20,20.10807,0.01526,17
2019-06-21,19.98136,-0.0063,25
2019-06-24,19.95212,-0.00146,22
2019-06-25,19.83516,-0.00586,20
2019-06-26,19.88389,0.00246,22
2019-06-27,20.17946,0.01486,16
2019-06-28,20.37586,0.00973,9
2019-07-01,20.70973,0.01639,19
2019-07-02,20.61153,-0.00474,21
2019-07-03,20.71955,0.00524,14
2019-07-05,20.3955,-0.01564,13
2019-07-08,20.18928,-0.01011,12
2019-07-09,19.81613,-0.01848,20
2019-07-10,19.92415,0.00545,11
2019-07-11,19.81613,-0.00542,17
2019-07-12,19.70812,-0.00545,7
2019-07-15,19.65902,-0.00249,11
2019-07-16,19.53136,-0.00649,14
2019-07-17,19.61974,0.00452,10
2019-07-18,19.56082,-0.003,8
2019-07-19,19.65902,0.00502,16
2019-07-22,19.80631,0.00749,32
2019-07-23,20.05181,0.01239,12
2019-07-24,20.13037,0.00392,14
2019-07-25,19.80631,-0.0161,16
2019-07-26,19.66884,-0.00694,8
2019-07-29,19.54118,-0.00649,13
2019-07-30,19.55101,0.0005,11
2019-07-31,19.26623,-0.01457,12
2019-08-01,18.92254,-0.01784,8
2019-08-02,18.55922,-0.0192,10
2019-08-05,17.69508,-0.04656,8
2019-08-06,18.17625,0.02719,13
2019-08-07,18.12715,-0.0027,10
2019-08-08,18.5985,0.026,6
2019-08-09,18.14679,-0.02429,8
2019-08-12,17.9504,-0.01082,5
2019-08-13,18.46102,0.02845,19
2019-08-14,17.74418,-0.03883,12
2019-08-15,17.84238,0.00553,9
2019-08-16,18.1566,0.01761,15
2019-08-19,18.31372,0.00865,12
2019-08-20,18.22534,-0.00483,10
2019-08-21,18.47083,0.01347,7
2019-08-22,18.37264,-0.00532,9
2019-08-23,17.82274,-0.02993,6
2019-08-26,18.08787,0.01488,6
2019-08-27,17.92094,-0.00923,20
2019-08-28,17.94057,0.0011,7
2019-08-29,18.26462,0.01806,12
2019-08-30,18.46102,0.01075,15
2019-09-03,18.17625,-0.01543,19
2019-09-04,18.49048,0.01729,18
2019-09-05,18.99128,0.02708,10
2019-09-06,19.06984,0.00414,15
2019-09-09,19.29569,0.01184,27
2019-09-10,19.49208,0.01018,32
2019-09-11,19.82596,0.01713,22
2019-09-12,20.09109,0.01337,20
2019-09-13,20.11073,0.00098,23
2019-09-16,19.96343,-0.00732,18
2019-09-17,19.90451,-0.00295,12
2019-09-18,19.94379,0.00197,43
2019-09-19,19.88487,-0.00295,16
2019-09-20,19.63938,-0.01235,11
2019-09-23,19.6001,-0.002,20
2019-09-24,19.48226,-0.00601,17
2019-09-25,19.59028,0.00554,12
2019-09-26,19.57064,-0.001,22
2019-09-27,19.39389,-0.00903,13
2019-09-30,19.65902,0.01367,14
2019-10-01,19.44299,-0.01099,15
2019-10-02,18.89309,-0.02828,14
2019-10-03,19.19749,0.01611,7
2019-10-04,19.39389,0.01023,15
2019-10-07,19.29569,-0.00506,13
2019-10-08,18.93236,-0.01883,13
2019-10-09,19.1484,0.01141,16
2019-10-10,18.99128,-0.00821,15
2019-10-11,19.47245,0.02534,9
2019-10-14,19.38407,-0.00454,13
2019-10-15,19.78667,0.02077,19
2019-10-16,19.80631,0.00099,12
2019-10-17,19.86523,0.00297,12
2019-10-18,19.93397,0.00346,11
2019-10-21,20.06163,0.0064,14
2019-10-22,19.91433,-0.00734,18
2019-10-23,20.03217,0.00592,15
2019-10-24,20.15,0.00588,12
2019-10-25,20.33657,0.00926,6
2019-10-28,20.65081,0.01545,13
2019-10-29,20.63117,-0.00095,17
2019-10-30,20.53297,-0.00476,25
2019-10-31,20.41513,-0.00574,16
2019-11-01,20.92576,0.02501,19
2019-11-04,21.22035,0.01408,14
2019-11-05,21.28909,0.00324,19
2019-11-06,21.0927,-0.00923,17
2019-11-07,21.34801,0.0121,9
2019-11-08,21.21053,-0.00644,13
2019-11-11,21.06323,-0.00694,15
2019-11-12,21.17125,0.00513,20
2019-11-13,20.98468,-0.00881,16
2019-11-14,20.99449,0.00047,13
2019-11-15,21.08287,0.00421,21
2019-11-18,21.05342,-0.0014,18
2019-11-19,20.85702,-0.00933,24
2019-11-20,20.76864,-0.00424,28
2019-11-21,20.69009,-0.00378,25
2019-11-22,20.79811,0.00522,26
2019-11-25,21.20071,0.01936,23
2019-11-26,21.20071,0.0,17
2019-11-27,21.29891,0.00463,20
2019-11-29,21.06323,-0.01107,10
2019-12-02,20.79811,-0.01259,20
2019-12-03,20.88648,0.00425,21
2019-12-04,21.0927,0.00987,15
2019-12-05,21.08287,-0.00047,11
2019-12-06,21.40693,0.01537,8
2019-12-09,21.25963,-0.00688,7
2019-12-10,21.26945,0.00046,8
2019-12-11,21.36765,0.00462,15
2019-12-12,21.69169,0.01517,10
2019-12-13,21.87827,0.0086,18
2019-12-16,21.92737,0.00224,8
2019-12-17,21.88809,-0.00179,10
2019-12-18,21.65241,-0.01077,13
2019-12-19,21.75061,0.00454,13
2019-12-20,21.65241,-0.00451,10
2019-12-23,21.70152,0.00227,14
2019-12-24,21.72115,0.0009,8
2019-12-26,21.86845,0.00678,7
2019-12-27,21.72115,-0.00674,7
2019-12-30,21.49597,-0.01037,12
2019-12-31,21.5058,0.00046,11
2020-01-02,21.87947,0.01738,6
2020-01-03,21.5648,-0.01438,15
2020-01-06,21.8303,0.01231,4
2020-01-07,21.72214,-0.00495,14
2020-01-08,21.89914,0.00815,9
2020-01-09,22.03681,0.00629,17
2020-01-10,21.99748,-0.00178,11
2020-01-13,22.22365,0.01028,29
2020-01-14,22.25315,0.00133,14
2020-01-15,22.05648,-0.00884,17
2020-01-16,22.14498,0.00401,17
2020-01-17,22.16464,0.00089,12
2020-01-21,21.89914,-0.01198,17
2020-01-22,22.02697,0.00584,13
2020-01-23,22.20398,0.00804,17
2020-01-24,21.98764,-0.00974,16
2020-01-27,21.33863,-0.02952,17
2020-01-28,21.61397,0.0129,16
2020-01-29,21.64347,0.00136,11
2020-01-30,21.63363,-0.00045,8
2020-01-31,21.05346,-0.02682,9
2020-02-03,21.34846,0.01401,11
2020-02-04,21.81064,0.02165,11
2020-02-05,22.07614,0.01217,16
2020-02-06,22.16464,0.00401,17
2020-02-07,21.86964,-0.01331,15
2020-02-10,22.20398,0.01529,19
2020-02-11,22.54815,0.0155,10
2020-02-12,22.67598,0.00567,20
2020-02-13,22.43998,-0.01041,13
2020-02-14,22.47932,0.00175,28
2020-02-18,22.21381,-0.01181,14
2020-02-19,22.39081,0.00797,23
2020-02-20,22.30231,-0.00395,19
2020-02-21,21.86964,-0.0194,20
2020-02-24,20.77813,-0.04991,20
2020-02-25,20.37495,-0.0194,15
2020-02-26,20.53229,0.00772,15
2020-02-27,19.62761,-0.04406,25
2020-02-28,19.93245,0.01553,16
2020-03-02,20.21761,0.01431,25
2020-03-03,19.79478,-0.02091,19
2020-03-04,20.62079,0.04173,15
2020-03-05,19.86361,-0.03672,9
2020-03-06,19.44077,-0.02129,19
2020-03-09,17.73958,-0.08751,11
2020-03-10,18.56559,0.04656,10
2020-03-11,17.62158,-0.05085,11
2020-03-12,15.56638,-0.11663,14
2020-03-13,16.96274,0.0897,14
2020-03-16,14.85837,-0.12406,20
2020-03-17,15.92039,0.07148,11
2020-03-18,15.35988,-0.03521,10
2020-03-19,15.46805,0.00704,12
2020-03-20,15.29105,-0.01144,10
2020-03-23,15.20746,-0.00547,15
2020-03-24,17.14957,0.12771,19
2020-03-25,17.46424,0.01835,10
2020-03-26,18.40826,0.05405,7
2020-03-27,17.86742,-0.02938,13
2020-03-30,18.16242,0.01651,10
2020-03-31,17.83792,-0.01787,19
2020-04-01,16.78573,-0.05899,13
2020-04-02,17.15941,0.02226,14
2020-04-03,16.63823,-0.03037,15
2020-04-06,17.91658,0.07683,12
2020-04-07,17.79858,-0.00659,17
2020-04-08,18.18209,0.02155,13
2020-04-09,18.48693,0.01677,15
2020-04-13,18.33942,-0.00798,13
2020-04-14,19.0671,0.03968,7
2020-04-15,18.49676,-0.02991,19
2020-04-16,18.6246,0.00691,16
2020-04-17,18.96877,0.01848,13
2020-04-20,18.68359,-0.01503,12
2020-04-21,18.20176,-0.02579,17
2020-04-22,18.89009,0.03782,12
2020-04-23,18.89993,0.00052,14
2020-04-24,19.17527,0.01457,11
2020-04-27,19.70627,0.02769,11
2020-04-28,19.94228,0.01198,17
2020-04-29,20.63062,0.03452,16
2020-04-30,20.07995,-0.02669,21
2020-05-01,19.50961,-0.0284,18
2020-05-04,19.66694,0.00806,18
2020-05-05,19.87344,0.0105,21
2020-05-06,19.82428,-0.00247,23
2020-05-07,20.50279,0.03423,18
2020-05-08,20.82729,0.01583,14
2020-05-11,21.0633,0.01133,22
2020-05-12,20.58145,-0.02288,16
2020-05-13,20.66012,0.00382,17
2020-05-14,20.41429,-0.0119,20
2020-05-15,20.81746,0.01975,14
2020-05-18,21.67297,0.0411,11
2020-05-19,21.58447,-0.00408,26
2020-05-20,22.17447,0.02733,20
2020-05-21,21.87947,-0.0133,15
2020-05-22,22.24331,0.01663,19
2020-05-26,22.69565,0.02034,22
2020-05-27,22.72515,0.0013,21
2020-05-28,22.85299,0.00563,19
2020-05-29,22.79398,-0.00258,15
2020-06-01,23.21682,0.01855,10
2020-06-02,23.22666,0.00042,25
2020-06-03,23.43316,0.00889,21
2020-06-04,23.21682,-0.00923,15
2020-06-05,23.61016,0.01694,16
2020-06-08,23.6495,0.00167,14
2020-06-09,23.62,-0.00125,18
2020-06-10,23.6495,0.00125,20
2020-06-11,22.30231,-0.05696,23
2020-06-12,22.75465,0.02028,26
2020-06-15,22.84315,0.00389,30
2020-06-16,23.26599,0.01851,24
2020-06-17,23.47249,0.00888,22
2020-06-18,23.29549,-0.00754,14
2020-06-19,23.26599,-0.00127,16
2020-06-22,23.62983,0.01564,21
2020-06-23,23.65933,0.00125,29
2020-06-24,23.18732,-0.01995,17
2020-06-25,23.65933,0.02036,13
2020-06-26,23.16766,-0.02078,11
2020-06-29,23.42797,0.01124,16
2020-06-30,23.53643,0.00463,17
2020-07-01,23.67447,0.00587,16
2020-07-02,23.6942,0.00083,21
2020-07-06,24.28581,0.02497,26
2020-07-07,24.10833,-0.00731,14
2020-07-08,24.34497,0.00982,23
2020-07-09,24.23651,-0.00446,27
2020-07-10,24.57176,0.01383,23
2020-07-13,24.04916,-0.02127,24
2020-07-14,24.42385,0.01558,17
2020-07-15,24.89715,0.01938,12
2020-07-16,24.47315,-0.01703,32
2020-07-17,24.87742,0.01652,16
2020-07-20,25.13379,0.01031,21
2020-07-21,25.18309,0.00196,16
2020-07-22,25.31128,0.00509,15
2020-07-23,25.27184,-0.00156,11
2020-07-24,25.00561,-0.01053,14
2020-07-27,25.54792,0.02169,19
2020-07-28,25.22253,-0.01274,14
2020-07-29,25.46904,0.00977,13
2020-07-30,25.30142,-0.00658,14
2020-07-31,24.96617,-0.01325,15
2020-08-03,25.5282,0.02251,20
2020-08-04,25.67611,0.00579,18
2020-08-05,25.94233,0.01037,17
2020-08-06,26.0015,0.00228,16
2020-08-07,25.90289,-0.00379,15
2020-08-10,25.93248,0.00114,16
2020-08-11,25.99164,0.00228,14
2020-08-12,26.68185,0.02656,10
2020-08-13,26.59311,-0.00333,25
2020-08-14,26.55367,-0.00148,11
2020-08-17,27.02696,0.01782,17
2020-08-18,26.92836,-0.00365,17
2020-08-19,26.66214,-0.00989,22
2020-08-20,26.54381,-0.00444,9
2020-08-21,26.42549,-0.00446,24
2020-08-24,26.68185,0.0097,20
2020-08-25,26.68185,0.0,19
2020-08-26,26.7706,0.00333,12
2020-08-27,26.46493,-0.01142,13
2020-08-28,26.7706,0.01155,15
2020-08-31,26.72129,-0.00184,22
2020-09-01,27.10584,0.01439,21
2020-09-02,27.7369,0.02328,23
2020-09-03,26.63255,-0.03982,15
2020-09-04,26.54381,-0.00333,14
2020-09-08,26.16912,-0.01412,24
2020-09-09,26.75087,0.02223,20
2020-09-10,26.43534,-0.0118,16
2020-09-11,26.50437,0.00261,24
2020-09-14,27.07626,0.02158,22
2020-09-15,27.38193,0.01129,15
2020-09-16,27.29319,-0.00324,27
2020-09-17,27.17487,-0.00434,25
2020-09-18,26.98752,-0.00689,24
2020-09-21,26.47479,-0.019,27
2020-09-22,26.69171,0.00819,44
2020-09-23,26.45507,-0.00887,27
2020-09-24,26.40577,-0.00186,11
2020-09-25,26.78045,0.01419,17
2020-09-28,27.17487,0.01473,24
2020-09-29,27.51011,0.01234,31
2020-09-30,27.48053,-0.00108,32
2020-10-01,27.84536,0.01328,25
2020-10-02,27.58899,-0.00921,17
2020-10-05,27.87494,0.01036,42
2020-10-06,27.79606,-0.00283,45
2020-10-07,28.25949,0.01667,34
2020-10-08,28.34824,0.00314,26
2020-10-09,28.62432,0.00974,44
2020-10-12,28.86097,0.00827,41
2020-10-13,28.86097,0.0,36
2020-10-14,28.83139,-0.00103,25
2020-10-15,28.48628,-0.01197,41
2020-10-16,28.49614,0.00035,42
2020-10-19,28.4567,-0.00138,35
2020-10-20,28.72293,0.00936,34
2020-10-21,28.56516,-0.00549,37
2020-10-22,28.63418,0.00242,56
2020-10-23,28.63418,0.0,31
2020-10-26,28.02285,-0.02135,32
2020-10-27,28.12145,0.00352,28
2020-10-28,27.33263,-0.02805,21
2020-10-29,27.69746,0.01335,26
2020-10-30,27.32277,-0.01353,23
2020-11-02,27.55942,0.00866,35
2020-11-03,28.24963,0.02504,39
2020-11-04,28.71307,0.0164,23
2020-11-05,29.51175,0.02782,30
2020-11-06,29.44272,-0.00234,18
2020-11-09,30.17238,0.02478,37
2020-11-10,29.35398,-0.02712,33
2020-11-11,29.79769,0.01512,23
2020-11-12,29.58077,-0.00728,38
2020-11-13,30.07378,0.01667,22
2020-11-16,30.64568,0.01902,38
2020-11-17,30.40903,-0.00772,35
2020-11-18,30.35973,-0.00162,28
2020-11-19,30.51749,0.0052,30
2020-11-20,30.62596,0.00355,24
2020-11-23,30.72456,0.00322,27
2020-11-24,31.12883,0.01316,25
2020-11-25,31.11897,-0.00032,34
2020-11-27,31.55282,0.01394,28
2020-11-30,31.20771,-0.01094,37
2020-12-01,31.94723,0.0237,30
2020-12-02,31.89793,-0.00154,25
2020-12-03,31.89793,0.0,31
2020-12-04,32.24303,0.01082,22
2020-12-07,31.75002,-0.01529,42
2020-12-08,31.89793,0.00466,40
2020-12-09,31.70072,-0.00618,24
2020-12-10,31.70072,0.0,46
2020-12-11,31.5824,-0.00373,35
2020-12-14,31.80919,0.00718,39
2020-12-15,32.14443,0.01054,49
2020-12-16,32.04583,-0.00307,35
2020-12-17,32.45996,0.01292,34
2020-12-18,32.34164,-0.00365,35
2020-12-21,32.16416,-0.00549,32
2020-12-22,32.37122,0.00644,30
2020-12-23,32.61773,0.00761,20
2020-12-24,32.4994,-0.00363,25
2020-12-28,32.66703,0.00516,18
2020-12-29,32.78535,0.00362,21
2020-12-30,32.92339,0.00421,14
2020-12-31,32.67196,-0.00764,18
2021-01-04,32.53885,-0.00407,29
2021-01-05,33.1206,0.01788,33
2021-01-06,33.1699,0.00149,22
2021-01-07,33.67278,0.01516,32
2021-01-08,33.89956,0.00674,24
2021-01-11,33.70236,-0.00582,23
2021-01-12,33.8897,0.00556,28
2021-01-13,33.91928,0.00087,18
2021-01-14,34.76726,0.025,19
2021-01-15,34.0376,-0.02099,26
2021-01-19,34.60949,0.0168,25
2021-01-20,35.12223,0.01481,17
2021-01-21,35.11237,-0.00028,31
2021-01-22,34.92503,-0.00534,20
2021-01-25,35.09265,0.0048,31
2021-01-26,34.95461,-0.00393,31
2021-01-27,34.45173,-0.01439,35
2021-01-28,34.29397,-0.00458,25
2021-01-29,33.37696,-0.02674,21
2021-02-01,34.09676,0.02157,32
2021-02-02,34.57991,0.01417,45
2021-02-03,34.38271,-0.0057,34
2021-02-04,34.32355,-0.00172,25
2021-02-05,34.57006,0.00718,31
2021-02-08,35.1321,0.01626,36
2021-02-09,35.60538,0.01347,45
2021-02-10,35.5758,-0.00083,31
2021-02-11,35.83217,0.00721,40
2021-02-12,35.95049,0.0033,29
2021-02-16,35.86175,-0.00247,50
2021-02-17,35.26027,-0.01677,34
2021-02-18,34.91516,-0.00979,35
2021-02-19,35.29972,0.01101,29
2021-02-22,34.51089,-0.02235,43
2021-02-23,34.07705,-0.01257,35
2021-02-24,34.15593,0.00231,29
2021-02-25,33.09102,-0.03118,34
2021-02-26,33.15018,0.00179,24
2021-03-01,33.94886,0.02409,36
2021-03-02,33.65305,-0.00871,38
2021-03-03,32.68675,-0.02871,38
2021-03-04,31.70072,-0.03017,24
2021-03-05,32.06556,0.01151,46
2021-03-08,31.08939,-0.03044,32
2021-03-09,31.91765,0.02664,19
2021-03-10,32.28248,0.01143,30
2021-03-11,32.91354,0.01955,34
2021-03-12,33.022,0.0033,31
2021-03-15,33.27837,0.00776,33
2021-03-16,33.13046,-0.00444,30
2021-03-17,33.35725,0.00685,41
2021-03-18,32.66703,-0.02069,34
2021-03-19,32.93325,0.00815,29
2021-03-22,32.96283,0.0009,44
2021-03-23,31.98667,-0.02961,28
2021-03-24,31.4838,-0.01572,20
2021-03-25,32.03597,0.01754,40
2021-03-26,32.68675,0.02031,40
2021-03-29,32.29234,-0.01207,51
2021-03-30,32.4008,0.00336,48
2021-03-31,32.67689,0.00852,39
2021-04-01,33.57417,0.02746,51
2021-04-05,34.21509,0.01909,26
2021-04-06,33.9883,-0.00663,47
2021-04-07,33.67278,-0.00928,40
2021-04-08,34.10663,0.01288,36
2021-04-09,34.22495,0.00347,30
2021-04-12,33.96859,-0.00749,38
2021-04-13,34.26439,0.00871,38
2021-04-14,34.12635,-0.00403,40
2021-04-15,34.64894,0.01531,33
2021-04-16,34.92503,0.00797,23
2021-04-19,34.39257,-0.01525,51
2021-04-20,33.68263,-0.02064,36
2021-04-21,34.29397,0.01815,43
2021-04-22,34.26439,-0.00086,31
2021-04-23,34.62922,0.01065,28
2021-04-26,34.90531,0.00797,33
2021-04-27,34.53062,-0.01073,28
2021-04-28,34.57006,0.00114,28
2021-04-29,34.34327,-0.00656,31
2021-04-30,33.86012,-0.01407,34
2021-05-03,33.7911,-0.00204,32
2021-05-04,32.84452,-0.02801,33
2021-05-05,33.23892,0.01201,34
2021-05-06,33.30794,0.00208,34
2021-05-07,33.7911,0.01451,33
2021-05-10,32.91354,-0.02597,42
2021-05-11,32.53885,-0.01138,35
2021-05-12,31.20771,-0.04091,32
2021-05-13,31.56268,0.01137,29
2021-05-14,32.39094,0.02624,35
2021-05-17,31.89793,-0.01522,36
2021-05-18,32.10499,0.00649,26
2021-05-19,31.90779,-0.00614,35
2021-05-20,32.50927,0.01885,37
2021-05-21,32.67689,0.00516,22
2021-05-24,33.01213,0.01026,25
2021-05-25,32.90367,-0.00329,35
2021-05-26,33.19948,0.00899,32
2021-05-27,33.41641,0.00653,37
2021-05-28,33.77138,0.01062,37
2021-06-01,33.78124,0.00029,49
2021-06-02,33.96859,0.00555,65
2021-06-03,33.8404,-0.00377,52
2021-06-04,34.44188,0.01777,54
2021-06-07,34.57006,0.00372,60
2021-06-08,34.43201,-0.00399,49
2021-06-09,34.0376,-0.01145,42
2021-06-10,34.18551,0.00435,46
2021-06-11,34.43201,0.00721,42
2021-06-14,34.69824,0.00773,59
2021-06-15,34.6588,-0.00114,49
2021-06-16,34.55033,-0.00313,34
2021-06-17,34.58978,0.00114,51
2021-06-18,33.91928,-0.01938,38
2021-06-21,34.28411,0.01076,46
2021-06-22,34.40243,0.00345,52
2021-06-23,34.24467,-0.00459,42
2021-06-24,34.68838,0.01296,35
2021-06-25,34.72783,0.00114,37
2021-06-28,34.89545,0.00483,33
2021-06-29,34.81544,-0.00229,44
2021-06-30,34.51915,-0.00851,39
2021-07-01,34.2821,-0.00687,44
2021-07-02,34.4105,0.00375,25
2021-07-06,34.42037,0.00029,43
2021-07-07,34.10432,-0.00918,41
2021-07-08,33.75864,-0.01014,38
2021-07-09,34.35124,0.01755,35
2021-07-12,34.71668,0.01064,40
2021-07-13,34.18333,-0.01536,44
2021-07-14,33.79814,-0.01127,40
2021-07-15,33.32407,-0.01403,39
2021-07-16,32.95862,-0.01097,31
2021-07-19,32.35614,-0.01828,29
2021-07-20,32.92899,0.0177,42
2021-07-21,33.45246,0.0159,28
2021-07-22,33.38332,-0.00207,32
2021-07-23,33.44258,0.00178,26
2021-07-26,33.46233,0.00059,31
2021-07-27,33.06726,-0.01181,34
2021-07-28,33.50184,0.01314,39
2021-07-29,33.79814,0.00884,37
2021-07-30,33.59073,-0.00614,34
2021-08-02,33.96605,0.01117,39
2021-08-03,34.16359,0.00582,37
2021-08-04,33.99567,-0.00491,30
2021-08-05,34.37099,0.01104,38
2021-08-06,33.93642,-0.01264,17
2021-08-09,34.14383,0.00611,36
2021-08-10,34.05494,-0.0026,36
2021-08-11,34.7068,0.01914,35
2021-08-12,34.8352,0.0037,26
2021-08-13,34.99323,0.00454,29
2021-08-16,34.56853,-0.01214,26
2021-08-17,34.26234,-0.00886,36
2021-08-18,34.26234,0.0,36
2021-08-19,34.07469,-0.00548,33
2021-08-20,34.27223,0.0058,33
2021-08-23,35.29941,0.02997,37
2021-08-24,35.99077,0.01959,25
2021-08-25,35.80312,-0.00521,31
2021-08-26,35.74385,-0.00166,30
2021-08-27,36.34634,0.01686,28
2021-08-30,36.1488,-0.00543,30
2021-08-31,36.21794,0.00191,39
2021-09-01,36.84017,0.01718,29
2021-09-02,37.24512,0.01099,41
2021-09-03,37.98587,0.01989,25
2021-09-07,38.43033,0.0117,47
2021-09-08,38.02538,-0.01054,28
2021-09-09,38.43033,0.01065,51
2021-09-10,37.96612,-0.01208,58
2021-09-13,38.37107,0.01067,42
2021-09-14,38.13403,-0.00618,46
2021-09-15,38.66737,0.01399,46
2021-09-16,38.51921,-0.00383,35
2021-09-17,38.51921,0.0,56
2021-09-20,37.66981,-0.02205,37
2021-09-21,38.21304,0.01442,34
2021-09-22,38.22291,0.00026,34
2021-09-23,38.9044,0.01783,34
2021-09-24,38.29205,-0.01574,35
2021-09-27,37.8476,-0.01161,35
2021-09-28,36.50436,-0.03549,37
2021-09-29,36.26733,-0.00649,31
2021-09-30,36.11917,-0.00409,36
2021-10-01,35.67472,-0.01231,30
2021-10-04,34.34136,-0.03738,26
2021-10-05,34.81544,0.01381,46
2021-10-06,34.78582,-0.00085,49
2021-10-07,35.20063,0.01192,48
2021-10-08,34.99323,-0.00589,52
2021-10-11,34.76606,-0.00649,43
2021-10-12,35.00311,0.00682,49
2021-10-13,35.45743,0.01298,49
2021-10-14,36.52412,0.03008,26
2021-10-15,37.08709,0.01541,40
2021-10-18,36.8698,-0.00586,54
2021-10-19,37.14635,0.0075,50
2021-10-20,36.96857,-0.00479,36
2021-10-21,36.66239,-0.00828,39
2021-10-22,36.65252,-0.00027,34
2021-10-25,37.06734,0.01132,51
2021-10-26,36.76116,-0.00826,63
2021-10-27,36.1488,-0.01666,63
2021-10-28,37.01795,0.02404,51
2021-10-29,37.21549,0.00534,40
2021-11-01,38.00562,0.02123,59
2021-11-02,38.17353,0.00442,47
2021-11-03,38.49946,0.00854,43
2021-11-04,39.27972,0.02027,45
2021-11-05,39.25997,-0.0005,39
2021-11-08,39.33899,0.00201,38
2021-11-09,38.94392,-0.01004,48
2021-11-10,37.34388,-0.04109,40
2021-11-11,37.4229,0.00212,42
2021-11-12,37.99575,0.01531,34
2021-11-15,37.59081,-0.01066,33
2021-11-16,37.74883,0.0042,48
2021-11-17,37.65007,-0.00262,36
2021-11-18,37.91673,0.00708,36
2021-11-19,37.8476,-0.00182,31
2021-11-22,37.00808,-0.02218,43
2021-11-23,36.55375,-0.01228,35
2021-11-24,36.75128,0.0054,34
2021-11-26,35.87225,-0.02392,25
2021-11-29,36.41548,0.01514,43
2021-11-30,35.75373,-0.01817,40
2021-12-01,34.97347,-0.02182,42
2021-12-02,35.60559,0.01807,57
2021-12-03,35.04261,-0.01581,48
2021-12-06,35.27965,0.00676,50
2021-12-07,36.5735,0.03667,55
2021-12-08,36.80066,0.00621,30
2021-12-09,35.76361,-0.02818,35
2021-12-10,35.7241,-0.0011,40
2021-12-13,35.15125,-0.01604,39
2021-12-14,34.61791,-0.01517,39
2021-12-15,35.53645,0.02653,42
2021-12-16,34.85495,-0.01918,60
2021-12-17,34.61791,-0.0068,30
2021-12-20,34.25247,-0.01056,29
2021-12-21,35.25002,0.02912,29
2021-12-22,35.51669,0.00757,32
2021-12-23,35.88213,0.01029,18
2021-12-27,36.34634,0.01294,22
2021-12-28,35.93152,-0.01141,21
2021-12-29,35.54633,-0.01072,17
2021-12-30,35.65496,0.00306,35
2021-12-31,35.49694,-0.00443,16
2022-01-03,35.64509,0.00417,20
2022-01-04,35.4278,-0.0061,42
2022-01-05,34.37099,-0.02983,29
2022-01-06,34.04506,-0.00948,22
2022-01-07,33.48209,-0.01654,26
2022-01-10,33.01788,-0.01386,30
2022-01-11,33.21542,0.00598,30
2022-01-12,33.5611,0.01041,20
2022-01-13,32.33639,-0.03649,24
2022-01-14,31.78329,-0.0171,45
2022-01-18,30.845,-0.02952,33
2022-01-19,30.4203,-0.01377,33
2022-01-20,30.17338,-0.00812,41
2022-01-21,29.12645,-0.0347,35
2022-01-24,28.93879,-0.00644,38
2022-01-25,28.45484,-0.01672,43
2022-01-26,28.39558,-0.00208,28
2022-01-27,27.73384,-0.0233,44
2022-01-28,28.04001,0.01104,28
2022-01-31,29.33386,0.04614,24
2022-02-01,29.77832,0.01515,30
2022-02-02,29.94622,0.00564,31
2022-02-03,28.61286,-0.04453,31
2022-02-04,28.80052,0.00656,37
2022-02-07,28.80052,0.0,36
2022-02-08,29.1067,0.01063,54
2022-02-09,30.10425,0.03427,28
2022-02-10,29.44251,-0.02198,31
2022-02-11,28.58323,-0.02918,34
2022-02-14,28.50422,-0.00276,48
2022-02-15,29.64992,0.04019,49
2022-02-16,30.09437,0.01499,42
2022-02-17,29.09682,-0.03315,46
2022-02-18,28.35607,-0.02546,34
2022-02-22,28.09927,-0.00906,47
2022-02-23,27.34864,-0.02671,37
2022-02-24,28.04989,0.02564,43
2022-02-25,28.93879,0.03169,47
2022-02-28,29.20547,0.00922,44
2022-03-01,28.66225,-0.0186,49
2022-03-02,29.37337,0.02481,40
2022-03-03,28.78077,-0.02017,45
2022-03-04,27.74371,-0.03603,40
2022-03-07,26.29183,-0.05233,35
2022-03-08,26.38073,0.00338,46
2022-03-09,27.46716,0.04118,50
2022-03-10,26.99308,-0.01726,38
2022-03-11,26.20294,-0.02927,40
2022-03-14,25.80787,-0.01508,49
2022-03-15,26.21282,0.01569,68
2022-03-16,27.51655,0.04974,57
2022-03-17,28.39558,0.03195,46
2022-03-18,29.19559,0.02817,31
2022-03-21,29.02769,-0.00575,43
2022-03-22,29.09682,0.00238,43
2022-03-23,28.39558,-0.0241,44
2022-03-24,29.04744,0.02296,41
2022-03-25,28.64249,-0.01394,40
2022-03-28,28.72151,0.00276,59
2022-03-29,29.59066,0.03026,49
2022-03-30,29.13633,-0.01535,49
2022-03-31,28.65237,-0.01661,48
2022-04-01,28.75114,0.00345,45
2022-04-04,29.00793,0.00893,52
2022-04-05,28.15854,-0.02928,54
2022-04-06,27.31901,-0.02981,39
2022-04-07,27.27951,-0.00145,44
2022-04-08,26.89432,-0.01412,42
2022-04-11,25.99553,-0.03342,65
2022-04-12,25.59059,-0.01558,42
2022-04-13,26.24245,0.02547,41
2022-04-14,25.74861,-0.01882,46
2022-04-18,25.48194,-0.01036,31
2022-04-19,26.00541,0.02054,38
2022-04-20,25.84738,-0.00608,31
2022-04-21,25.4128,-0.01681,55
2022-04-22,24.48439,-0.03653,33
2022-04-25,24.61279,0.00524,44
2022-04-26,23.53623,-0.04374,50
2022-04-27,23.41771,-0.00504,42
2022-04-28,24.04982,0.02699,53
2022-04-29,23.55598,-0.02053,33
2022-05-02,23.82265,0.01132,42
2022-05-03,23.8029,-0.00083,45
2022-05-04,24.6523,0.03568,54
2022-05-05,23.49672,-0.04688,71
2022-05-06,22.93375,-0.02396,43
2022-05-09,21.69916,-0.05383,47
2022-05-10,21.42261,-0.01274,45
2022-05-11,20.9584,-0.02167,54
2022-05-12,21.02754,0.0033,38
2022-05-13,22.18312,0.05496,39
2022-05-16,22.01521,-0.00757,49
2022-05-17,22.71646,0.03185,38
2022-05-18,22.09423,-0.02739,35
2022-05-19,22.51892,0.01922,58
2022-05-20,22.30164,-0.00965,45
2022-05-23,22.56831,0.01196,50
2022-05-24,22.17324,-0.01751,61
2022-05-25,22.44979,0.01247,49
2022-05-26,22.89424,0.0198,55
2022-05-27,23.48685,0.02588,42
2022-05-31,23.55598,0.00294,62
2022-06-01,23.15104,-0.01719,52
2022-06-02,24.10908,0.04138,46
2022-06-03,23.44734,-0.02745,41
2022-06-06,23.49672,0.00211,48
2022-06-07,23.68438,0.00799,47
2022-06-08,23.40783,-0.01168,34
2022-06-09,22.82511,-0.02489,54
2022-06-10,22.03496,-0.03462,35
2022-06-13,20.77075,-0.05737,51
2022-06-14,20.64235,-0.00618,51
2022-06-15,21.02754,0.01866,49
2022-06-16,20.28679,-0.03523,51
2022-06-17,20.46457,0.00876,58
2022-06-21,20.70161,0.01158,41
2022-06-22,20.65222,-0.00239,53
2022-06-23,20.64235,-0.00048,53
2022-06-24,21.32384,0.03301,41
2022-06-27,21.20532,-0.00556,43
2022-06-28,20.73124,-0.02236,50
2022-06-29,20.39171,-0.01638,44
2022-06-30,20.11454,-0.01359,44
2022-07-01,20.36201,0.0123,42
2022-07-05,20.50059,0.00681,56
2022-07-06,20.4808,-0.00097,45
2022-07-07,21.10443,0.03045,43
2022-07-08,21.03514,-0.00328,39
2022-07-11,20.4511,-0.02776,43
2022-07-12,20.02545,-0.02081,47
2022-07-13,19.93636,-0.00445,45
2022-07-14,19.87696,-0.00298,57
2022-07-15,20.31252,0.02191,38
2022-07-18,20.36201,0.00244,43
2022-07-19,21.08463,0.03549,61
2022-07-20,21.72806,0.03052,65
2022-07-21,22.14381,0.01913,51
2022-07-22,21.65877,-0.0219,42
2022-07-25,21.42119,-0.01097,46
2022-07-26,20.92625,-0.02311,37
2022-07-27,21.73796,0.03879,37
2022-07-28,21.96563,0.01047,35
2022-07-29,22.29229,0.01487,27
2022-08-01,22.53977,0.0111,35
2022-08-02,22.42098,-0.00527,38
2022-08-03,22.80704,0.01722,33
2022-08-04,22.99512,0.00825,42
2022-08-05,22.84663,-0.00646,36
2022-08-08,22.74764,-0.00433,34
2022-08-09,22.16361,-0.02567,33
2022-08-10,23.15349,0.04466,28
2022-08-11,23.00501,-0.00641,27
2022-08-12,23.51975,0.02238,28
2022-08-15,23.55935,0.00168,32
2022-08-16,23.31188,-0.0105,41
2022-08-17,22.81693,-0.02123,45
2022-08-18,22.81693,0.0,36
2022-08-19,22.09432,-0.03167,27
2022-08-22,21.39149,-0.03181,36
2022-08-23,21.3816,-0.00046,37
2022-08-24,21.54988,0.00787,46
2022-08-25,21.89634,0.01608,43
2022-08-26,21.00544,-0.04069,32
2022-08-29,20.70847,-0.01414,27
2022-08-30,20.51049,-0.00956,37
2022-08-31,20.39171,-0.00579,30
2022-09-01,19.93636,-0.02233,39
2022-09-02,19.73838,-0.00993,39
2022-09-06,19.63939,-0.00502,43
2022-09-07,19.88687,0.0126,47
2022-09-08,20.20363,0.01593,38
2022-09-09,20.79756,0.0294,31
2022-09-12,21.03514,0.01142,41
2022-09-13,19.86707,-0.05553,53
2022-09-14,19.84727,-0.001,40
2022-09-15,19.5899,-0.01297,38
2022-09-16,19.23354,-0.01819,49
2022-09-19,19.26324,0.00154,45
2022-09-20,19.05536,-0.01079,49
2022-09-21,18.83758,-0.01143,46
2022-09-22,18.46142,-0.01997,40
2022-09-23,18.13476,-0.01769,28
2022-09-26,18.02587,-0.006,46
2022-09-27,18.04567,0.0011,50
2022-09-28,18.51092,0.02578,50
2022-09-29,18.01598,-0.02674,54
2022-09-30,17.89719,-0.00659,54
2022-10-03,18.43173,0.02987,39
2022-10-04,19.33253,0.04887,60
2022-10-05,19.13455,-0.01024,54
2022-10-06,18.98607,-0.00776,69
2022-10-07,18.37234,-0.03233,48
2022-10-10,18.09517,-0.01509,49
2022-10-11,17.85759,-0.01313,84
2022-10-12,17.8279,-0.00166,76
2022-10-13,18.13476,0.01721,73
2022-10-14,17.49133,-0.03548,71
2022-10-17,18.13476,0.03679,64
2022-10-18,18.38223,0.01365,63
2022-10-19,18.22385,-0.00862,69
2022-10-20,18.14466,-0.00435,67
2022-10-21,18.54062,0.02182,70
2022-10-24,18.57031,0.0016,65
2022-10-25,19.38202,0.04371,68
2022-10-26,19.40182,0.00102,57
2022-10-27,19.32263,-0.00408,73
2022-10-28,19.58,0.01332,57
2022-10-31,19.42162,-0.00809,47
2022-11-01,19.5998,0.00917,49
2022-11-02,18.75839,-0.04293,55
2022-11-03,18.6792,-0.00422,59
2022-11-04,19.23354,0.02968,45
2022-11-07,19.48101,0.01287,45
2022-11-08,19.73838,0.01321,43
2022-11-09,19.22364,-0.02608,37
2022-11-10,20.75797,0.07981,47
2022-11-11,21.53998,0.03767,36
2022-11-14,21.13412,-0.01884,50
2022-11-15,21.45089,0.01499,64
2022-11-16,21.00544,-0.02077,50
2022-11-17,20.77776,-0.01084,43
2022-11-18,20.69857,-0.00381,50
2022-11-21,20.4709,-0.011,41
2022-11-22,20.75797,0.01402,60
2022-11-23,21.07473,0.01526,68
2022-11-25,21.15392,0.00376,39
2022-11-28,20.72827,-0.02012,55
2022-11-29,20.4709,-0.01242,72
2022-11-30,21.21332,0.03627,74
2022-12-01,21.52018,0.01447,54
2022-12-02,21.50038,-0.00092,43
2022-12-05,21.07473,-0.0198,59
2022-12-06,20.65898,-0.01973,39
2022-12-07,20.62928,-0.00144,46
2022-12-08,20.99554,0.01775,52
2022-12-09,20.93615,-0.00283,40
2022-12-12,21.27271,0.01608,39
2022-12-13,21.72806,0.02141,52
2022-12-14,21.57958,-0.00683,41
2022-12-15,20.71837,-0.03991,34
2022-12-16,20.74807,0.00143,30
2022-12-19,20.52039,-0.01097,36
2022-12-20,20.54019,0.00096,37
2022-12-21,20.82726,0.01398,42
2022-12-22,20.31252,-0.02471,36
2022-12-23,20.31252,0.0,29
2022-12-27,20.07495,-0.0117,29
2022-12-28,19.84727,-0.01134,30
2022-12-29,20.51049,0.03342,33
2022-12-30,20.34221,-0.0082,30
2023-01-03,20.4412,0.00487,32
2023-01-04,20.74807,0.01501,26
2023-01-05,20.4412,-0.01479,28
2023-01-06,21.02524,0.02857,30
2023-01-09,21.3519,0.01554,39
2023-01-10,21.49048,0.00649,33
2023-01-11,21.91614,0.01981,40
2023-01-12,22.2131,0.01355,37
2023-01-13,22.2626,0.00223,41
2023-01-17,22.60906,0.01556,37
2023-01-18,22.42098,-0.00832,29
2023-01-19,22.17351,-0.01104,28
2023-01-20,22.63876,0.02098,34
2023-01-23,23.05451,0.01836,32
2023-01-24,22.98521,-0.00301,31
2023-01-25,23.01491,0.00129,36
2023-01-26,23.24259,0.00989,37
2023-01-27,23.52966,0.01235,37
2023-01-30,23.21289,-0.01346,48
2023-01-31,23.55935,0.01493,52
2023-02-01,24.33146,0.03277,41
2023-02-02,24.69772,0.01505,66
2023-02-03,24.30177,-0.01603,56
2023-02-06,23.93551,-0.01507,50
2023-02-07,24.41066,0.01985,41
2023-02-08,24.0345,-0.01541,62
2023-02-09,23.77713,-0.01071,43
2023-02-10,23.62864,-0.00624,54
2023-02-13,23.75733,0.00545,47
2023-02-14,24.0048,0.01042,54
2023-02-15,24.0345,0.00124,41
2023-02-16,23.70783,-0.01359,65
2023-02-17,23.34158,-0.01545,52
2023-02-21,22.69815,-0.02757,59
2023-02-22,22.67835,-0.00087,53
2023-02-23,23.22279,0.02401,53
2023-02-24,23.00501,-0.00938,53
2023-02-27,23.31188,0.01334,59
2023-02-28,23.30198,-0.00042,61
2023-03-01,23.36137,0.00255,65
2023-03-02,23.43067,0.00297,75
2023-03-03,24.16318,0.03126,57
2023-03-06,24.0543,-0.00451,66
2023-03-07,23.66824,-0.01605,62
2023-03-08,23.95531,0.01213,50
2023-03-09,23.55935,-0.01653,59
2023-03-10,23.05451,-0.02143,48
2023-03-13,23.0743,0.00086,67
2023-03-14,23.47026,0.01716,64
2023-03-15,22.92582,-0.0232,58
2023-03-16,23.74743,0.03584,60
2023-03-17,23.51975,-0.00959,48
2023-03-20,23.80682,0.01221,54
2023-03-21,24.26217,0.01913,53
2023-03-22,23.985,-0.01142,56
2023-03-23,24.20278,0.00908,70
2023-03-24,24.11369,-0.00368,56
2023-03-27,24.23248,0.00493,63
2023-03-28,24.11369,-0.0049,64
2023-03-29,24.57894,0.01929,56
2023-03-30,24.77691,0.00805,55
2023-03-31,25.24216,0.01878,33
2023-04-03,25.20257,-0.00157,48
2023-04-04,24.81651,-0.01532,48
2023-04-05,24.34137,-0.01915,41
2023-04-06,24.25227,-0.00366,32
2023-04-10,24.44035,0.00776,47
2023-04-11,24.47995,0.00162,57
2023-04-12,24.39086,-0.00364,57
2023-04-13,24.79671,0.01664,50
2023-04-14,24.63833,-0.00639,40
2023-04-17,24.72742,0.00362,61
2023-04-18,24.84621,0.0048,53
2023-04-19,24.86601,0.0008,58
2023-04-20,24.74722,-0.00478,44
2023-04-21,24.9452,0.008,39
2023-04-24,24.85611,-0.00357,37
2023-04-25,24.37106,-0.01951,50
2023-04-26,24.28197,-0.00366,55
2023-04-27,24.74722,0.01916,53
2023-04-28,24.65813,-0.0036,54
2023-05-01,24.86601,0.00843,34
2023-05-02,24.52944,-0.01354,40
2023-05-03,24.60863,0.00323,56
2023-05-04,24.66803,0.00241,65
2023-05-05,25.04418,0.01525,56
2023-05-08,25.06398,0.00079,60
2023-05-09,25.02439,-0.00158,59
2023-05-10,25.31146,0.01147,61
2023-05-11,25.22236,-0.00352,42
2023-05-12,25.10358,-0.00471,45
2023-05-15,25.46984,0.01459,68
2023-05-16,25.39064,-0.00311,76
2023-05-17,25.63812,0.00975,71
2023-05-18,26.16276,0.02046,73
2023-05-19,26.31124,0.00568,62
2023-05-22,26.56861,0.00978,87
2023-05-23,25.95488,-0.0231,97
2023-05-24,25.87569,-0.00305,85
2023-05-25,26.65771,0.03022,105
2023-05-26,27.11305,0.01708,106
2023-05-30,27.49911,0.01424,88
2023-05-31,27.00417,-0.018,114
2023-06-01,27.5387,0.01979,101
2023-06-02,27.93466,0.01438,91
2023-06-05,28.15244,0.0078,85
2023-06-06,28.39001,0.00844,102
2023-06-07,27.71688,-0.02371,79
2023-06-08,27.92476,0.0075,65
2023-06-09,28.05345,0.00461,64
2023-06-12,28.5187,0.01658,77
2023-06-13,29.00374,0.01701,74
2023-06-14,29.12253,0.0041,63
2023-06-15,29.41949,0.0102,73
2023-06-16,29.29081,-0.00437,61
2023-06-20,28.98394,-0.01048,50
2023-06-21,28.64738,-0.01161,48
2023-06-22,28.40981,-0.00829,50
2023-06-23,27.65749,-0.02648,39
2023-06-26,27.47931,-0.00644,58
2023-06-27,27.89506,0.01513,65
2023-06-28,28.12274,0.00816,57
2023-06-29,28.06621,-0.00201,55
2023-06-30,28.50257,0.01555,50
2023-07-03,28.6315,0.00452,60
2023-07-05,28.29431,-0.01178,47
2023-07-06,27.7191,-0.02033,42
2023-07-07,27.97695,0.0093,43
2023-07-10,28.33398,0.01276,58
2023-07-11,28.65133,0.0112,65
2023-07-12,29.00836,0.01246,43
2023-07-13,29.62324,0.0212,47
2023-07-14,29.16704,-0.0154,39
2023-07-17,29.53398,0.01258,53
2023-07-18,29.88109,0.01175,52
2023-07-19,29.69266,-0.00631,65
2023-07-20,28.88935,-0.02705,58
2023-07-21,28.70093,-0.00652,47
2023-07-24,28.48274,-0.0076,56
2023-07-25,28.81993,0.01184,59
2023-07-26,29.00836,0.00654,75
2023-07-27,28.73067,-0.00957,53
2023-07-28,28.82985,0.00345,49
2023-07-31,28.89927,0.00241,60
2023-08-01,28.49266,-0.01407,63
2023-08-02,27.48108,-0.0355,61
2023-08-03,27.33232,-0.00541,59
2023-08-04,27.30257,-0.00109,47
2023-08-07,27.38191,0.00291,56
2023-08-08,26.89596,-0.01775,61
2023-08-09,26.30092,-0.02212,61
2023-08-10,26.3505,0.00189,40
2023-08-11,26.07281,-0.01054,56
2023-08-14,26.37033,0.01141,61
2023-08-15,26.07281,-0.01128,56
2023-08-16,25.59678,-0.01826,61
2023-08-17,25.17033,-0.01666,62
2023-08-18,25.21,0.00158,61
2023-08-21,25.48769,0.01101,73
2023-08-22,25.35876,-0.00506,57
2023-08-23,25.8943,0.02112,66
2023-08-24,25.4381,-0.01762,61
2023-08-25,25.56703,0.00507,62
2023-08-28,25.91414,0.01358,68
2023-08-29,26.39017,0.01837,63
2023-08-30,26.60835,0.00827,67
2023-08-31,26.50918,-0.00373,57
2023-09-01,26.50918,0.0,39
2023-09-05,26.36042,-0.00561,75
2023-09-06,26.24141,-0.00451,55
2023-09-07,25.93397,-0.01172,48
2023-09-08,25.65629,-0.01071,40
2023-09-11,25.74554,0.00348,61
2023-09-12,25.57695,-0.00655,53
2023-09-13,25.41827,-0.0062,52
2023-09-14,25.57695,0.00624,63
2023-09-15,25.21,-0.01435,44
2023-09-18,25.29926,0.00354,77
2023-09-19,25.16042,-0.00549,84
2023-09-20,24.88273,-0.01104,74
2023-09-21,24.25793,-0.02511,47
2023-09-22,24.36702,0.0045,68
2023-09-25,24.41661,0.00204,79
2023-09-26,23.92074,-0.02031,52
2023-09-27,24.20835,0.01202,66
2023-09-28,24.50587,0.01229,73
2023-09-29,24.51579,0.0004,55
2023-10-02,24.49595,-0.00081,74
2023-10-03,23.94058,-0.02267,71
2023-10-04,24.14884,0.0087,75
2023-10-05,24.22818,0.00329,74
2023-10-06,24.5257,0.01228,43
2023-10-09,24.39678,-0.00526,78
2023-10-10,24.6943,0.0122,89
2023-10-11,24.55545,-0.00562,96
2023-10-12,24.32735,-0.00929,80
2023-10-13,24.08934,-0.00978,81
2023-10-16,24.2976,0.00865,85
2023-10-17,24.27777,-0.00082,82
2023-10-18,23.51413,-0.03145,67
2023-10-19,23.3257,-0.00801,93
2023-10-20,22.85958,-0.01998,94
2023-10-23,22.95875,0.00434,110
2023-10-24,23.13727,0.00778,105
2023-10-25,22.55214,-0.02529,103
2023-10-26,22.22487,-0.01451,90
2023-10-27,22.15545,-0.00312,90
2023-10-30,22.34388,0.0085,103
2023-10-31,22.58189,0.01065,95
2023-11-01,22.90917,0.01449,69
2023-11-02,23.65297,0.03247,88
2023-11-03,24.24802,0.02516,81
2023-11-06,24.22818,-0.00082,85
2023-11-07,24.18851,-0.00164,97
2023-11-08,24.10917,-0.00328,80
2023-11-09,23.99016,-0.00494,71
2023-11-10,24.36702,0.01571,55
2023-11-13,24.40669,0.00163,75
2023-11-14,25.3191,0.03738,87
2023-11-15,25.42818,0.00431,70
2023-11-16,25.46785,0.00156,56
2023-11-17,25.63645,0.00662,61
2023-11-20,26.01331,0.0147,79
2023-11-21,26.04306,0.00114,60
2023-11-22,26.03314,-0.00038,62
2023-11-24,26.02323,-0.00038,52
2023-11-27,26.03314,0.00038,84
2023-11-28,25.94389,-0.00343,86
2023-11-29,26.31083,0.01414,80
2023-11-30,26.21166,-0.00377,60
2023-12-01,26.8067,0.0227,71
2023-12-04,26.49926,-0.01147,74
2023-12-05,26.3505,-0.00561,88
2023-12-06,26.14224,-0.0079,60
2023-12-07,26.33066,0.00721,91
2023-12-08,26.49926,0.0064,63
2023-12-11,26.61827,0.00449,89
2023-12-12,26.75711,0.00522,80
2023-12-13,27.21331,0.01705,71
2023-12-14,27.68935,0.01749,71
2023-12-15,27.95712,0.00967,75
2023-12-18,28.01662,0.00213,90
2023-12-19,28.35381,0.01204,92
2023-12-20,27.67943,-0.02378,65
2023-12-21,28.26456,0.02114,68
2023-12-22,28.15547,-0.00386,55
2023-12-26,28.37365,0.00775,46
2023-12-27,28.45299,0.0028,42
2023-12-28,28.48671,0.00119,55
2023-12-29,28.2685,-0.00766,30
