date,price,daily_return
2016-09-14,14.17109,0.0
2016-09-15,14.17109,0.0
2016-09-16,14.11348,-0.00406
2016-09-19,14.2479,0.00952
2016-09-20,14.37271,0.00876
2016-09-21,14.37271,0.0
2016-09-22,14.70875,0.02338
2016-09-23,14.66074,-0.00326
2016-09-26,14.43128,-0.01565
2016-09-27,14.60313,0.01191
2016-09-28,14.69915,0.00657
2016-09-29,14.65114,-0.00327
2016-09-30,14.69915,0.00328
2016-10-03,14.64826,-0.00346
2016-10-04,14.64154,-0.00046
2016-10-05,14.77595,0.00918
2016-10-06,14.72795,-0.00325
2016-10-07,14.73755,0.00065
2016-10-10,14.80668,0.00469
2016-10-11,14.68954,-0.00791
2016-10-12,14.63194,-0.00392
2016-10-13,14.51673,-0.00787
2016-10-14,14.51673,0.0
2016-10-17,14.56473,0.00331
2016-10-18,14.67994,0.00791
2016-10-19,14.65114,-0.00196
2016-10-20,14.68954,0.00262
2016-10-21,14.68954,0.0
2016-10-24,14.68954,0.0
2016-10-25,14.56473,-0.0085
2016-10-26,14.56473,0.0
2016-10-27,14.40151,-0.01121
2016-10-28,14.45912,0.004
2016-10-31,14.42072,-0.00266
2016-11-01,14.35351,-0.00466
2016-11-02,14.2191,-0.00936
2016-11-03,14.2767,0.00405
2016-11-04,14.2287,-0.00336
2016-11-07,14.38231,0.0108
2016-11-08,14.44952,0.00467
2016-11-09,14.45912,0.00066
2016-11-10,14.58393,0.00863
2016-11-11,14.56473,-0.00132
2016-11-14,14.62234,0.00396
2016-11-15,14.66074,0.00263
2016-11-16,14.49176,-0.01153
2016-11-17,14.73755,0.01696
2016-11-18,14.52633,-0.01433
2016-11-21,14.57913,0.00364
2016-11-22,14.55417,-0.00171
2016-11-23,14.58393,0.00204
2016-11-25,14.59353,0.00066
2016-11-28,14.58393,-0.00066
2016-11-29,14.59353,0.00066
2016-11-30,14.47832,-0.00789
2016-12-01,14.3055,-0.01194
2016-12-02,14.23829,-0.0047
2016-12-05,14.39863,0.01126
2016-12-06,14.36407,-0.0024
2016-12-07,14.52633,0.0113
2016-12-08,14.61274,0.00595
2016-12-09,14.59353,-0.00131
2016-12-12,14.43992,-0.01053
2016-12-13,14.54553,0.00731
2016-12-14,14.3055,-0.0165
2016-12-15,14.33431,0.00201
2016-12-16,14.2575,-0.00536
2016-12-19,14.35351,0.00673
2016-12-20,14.37271,0.00134
2016-12-21,14.35351,-0.00134
2016-12-22,14.31606,-0.00261
2016-12-23,14.35159,0.00248
2016-12-27,14.35063,-7e-05
2016-12-28,14.40058,0.00348
2016-12-29,14.34102,-0.00414
2016-12-30,14.41019,0.00482
2017-01-03,14.50626,0.00667
2017-01-04,14.71761,0.01457
2017-01-05,14.74643,0.00196
2017-01-06,14.76564,0.0013
2017-01-09,14.72721,-0.0026
2017-01-10,14.78485,0.00391
2017-01-11,14.89053,0.00715
2017-01-12,14.92896,0.00258
2017-01-13,15.01542,0.00579
2017-01-17,14.90974,-0.00704
2017-01-18,14.90014,-0.00064
2017-01-19,14.96738,0.00451
2017-01-20,15.04424,0.00513
2017-01-23,15.15856,0.0076
2017-01-24,15.37087,0.01401
2017-01-25,15.72632,0.02313
2017-01-26,15.74553,0.00122
2017-01-27,15.68885,-0.0036
2017-01-30,15.63025,-0.00373
2017-01-31,15.67348,0.00277
2017-02-01,15.82239,0.0095
2017-02-02,15.74553,-0.00486
2017-02-03,15.79357,0.00305
2017-02-06,15.70711,-0.00547
2017-02-07,15.71671,0.00061
2017-02-08,15.71671,0.0
2017-02-09,15.67829,-0.00244
2017-02-10,15.78396,0.00674
2017-02-13,15.94728,0.01035
2017-02-14,15.96649,0.0012
2017-02-15,15.95689,-0.0006
2017-02-16,15.94728,-0.0006
2017-02-17,16.04335,0.00602
2017-02-21,16.08658,0.00269
2017-02-22,16.04335,-0.00269
2017-02-23,16.10579,0.00389
2017-02-24,15.94728,-0.00984
2017-02-27,15.96649,0.0012
2017-02-28,15.93767,-0.00181
2017-03-01,16.19609,0.01621
2017-03-02,16.07216,-0.00765
2017-03-03,16.05776,-0.0009
2017-03-06,15.98571,-0.00449
2017-03-07,15.92614,-0.00373
2017-03-08,15.93767,0.00072
2017-03-09,15.92326,-0.0009
2017-03-10,16.07216,0.00935
2017-03-13,16.32195,0.01554
2017-03-14,16.24509,-0.00471
2017-03-15,16.38919,0.00887
2017-03-16,16.44683,0.00352
2017-03-17,16.59093,0.00876
2017-03-20,16.61111,0.00122
2017-03-21,16.45644,-0.00931
2017-03-22,16.45644,0.0
2017-03-23,16.55251,0.00584
2017-03-24,16.61687,0.00389
2017-03-27,16.63897,0.00133
2017-03-28,16.74464,0.00635
2017-03-29,16.74944,0.00029
2017-03-30,16.69661,-0.00315
2017-03-31,16.68027,-0.00098
2017-04-03,16.64185,-0.0023
2017-04-04,16.55155,-0.00543
2017-04-05,16.55251,6e-05
2017-04-06,16.43722,-0.00696
2017-04-07,16.52369,0.00526
2017-04-10,16.44683,-0.00465
2017-04-11,16.4084,-0.00234
2017-04-12,16.33155,-0.00468
2017-04-13,16.25469,-0.00471
2017-04-17,16.36037,0.0065
2017-04-18,16.28351,-0.0047
2017-04-19,16.52369,0.01475
2017-04-20,16.59093,0.00407
2017-04-21,16.55251,-0.00232
2017-04-24,16.86953,0.01915
2017-04-25,16.85416,-0.00091
2017-04-26,17.00402,0.00889
2017-04-27,17.07512,0.00418
2017-04-28,17.2538,0.01046
2017-05-01,17.28262,0.00167
2017-05-02,17.2538,-0.00167
2017-05-03,17.24419,-0.00056
2017-05-04,17.28262,0.00223
2017-05-05,17.42673,0.00834
2017-05-08,17.45554,0.00165
2017-05-09,17.40079,-0.00314
2017-05-10,17.38829,-0.00072
2017-05-11,17.31144,-0.00442
2017-05-12,17.37869,0.00388
2017-05-15,17.46515,0.00498
2017-05-16,17.5324,0.00385
2017-05-17,17.30184,-0.01315
2017-05-18,17.26341,-0.00222
2017-05-19,17.51318,0.01447
2017-05-22,17.69571,0.01042
2017-05-23,17.70532,0.00054
2017-05-24,17.65729,-0.00271
2017-05-25,17.79178,0.00762
2017-05-26,17.77257,-0.00108
2017-05-30,17.85903,0.00486
2017-05-31,17.87824,0.00108
2017-06-01,18.14723,0.01505
2017-06-02,18.35858,0.01165
2017-06-05,18.40662,0.00262
2017-06-06,18.31055,-0.00522
2017-06-07,18.34898,0.0021
2017-06-08,18.33937,-0.00052
2017-06-09,18.19526,-0.00786
2017-06-12,18.00313,-0.01056
2017-06-13,18.08959,0.0048
2017-06-14,18.06077,-0.00159
2017-06-15,17.811,-0.01383
2017-06-16,17.89746,0.00485
2017-06-19,18.10881,0.01181
2017-06-20,18.10881,0.0
2017-06-21,18.18566,0.00424
2017-06-22,18.17605,-0.00053
2017-06-23,18.19526,0.00106
2017-06-26,18.20007,0.00026
2017-06-27,18.0992,-0.00554
2017-06-28,18.11841,0.00106
2017-06-29,17.90706,-0.01166
2017-06-30,17.92532,0.00102
2017-07-03,17.83982,-0.00477
2017-07-05,17.8206,-0.00108
2017-07-06,17.73414,-0.00485
2017-07-07,17.89746,0.00921
2017-07-10,17.99353,0.00537
2017-07-11,18.12802,0.00747
2017-07-12,18.33937,0.01166
2017-07-13,18.32976,-0.00052
2017-07-14,18.50268,0.00943
2017-07-17,18.44985,-0.00286
2017-07-18,18.5219,0.00391
2017-07-19,18.56032,0.00207
2017-07-20,18.666,0.00569
2017-07-21,18.8101,0.00772
2017-07-24,18.8005,-0.00051
2017-07-25,18.82931,0.00153
2017-07-26,18.93499,0.00561
2017-07-27,19.01185,0.00406
2017-07-28,19.12713,0.00606
2017-07-31,19.0983,-0.00151
2017-08-01,19.15595,0.00302
2017-08-02,19.26162,0.00552
2017-08-03,19.2328,-0.0015
2017-08-04,19.2328,0.0
2017-08-07,19.30965,0.004
2017-08-08,19.28083,-0.00149
2017-08-09,19.30005,0.001
2017-08-10,18.97342,-0.01692
2017-08-11,18.93019,-0.00228
2017-08-14,19.21359,0.01497
2017-08-15,19.22319,0.0005
2017-08-16,19.30965,0.0045
2017-08-17,19.28083,-0.00149
2017-08-18,19.26162,-0.001
2017-08-21,19.2328,-0.0015
2017-08-22,19.47297,0.01249
2017-08-23,19.5114,0.00197
2017-08-24,19.45376,-0.00295
2017-08-25,19.38651,-0.00346
2017-08-28,19.48258,0.00496
2017-08-29,19.5114,0.00148
2017-08-30,19.56904,0.00295
2017-08-31,19.69393,0.00638
2017-09-01,19.80921,0.00585
2017-09-05,19.72275,-0.00436
2017-09-06,19.78039,0.00292
2017-09-07,19.9341,0.00777
2017-09-08,20.04938,0.00578
2017-09-11,20.30876,0.01294
2017-09-12,20.44326,0.00662
2017-09-13,20.3664,-0.00376
2017-09-14,20.44326,0.00377
2017-09-15,20.58736,0.00705
2017-09-18,20.76989,0.00887
2017-09-19,20.88517,0.00555
2017-09-20,21.00045,0.00552
2017-09-21,20.65461,-0.01647
2017-09-22,20.60657,-0.00233
2017-09-25,20.58736,-0.00093
2017-09-26,20.38562,-0.0098
2017-09-27,20.58736,0.0099
2017-09-28,20.73146,0.007
2017-09-29,20.89478,0.00788
2017-10-02,21.05809,0.00782
2017-10-03,21.2118,0.0073
2017-10-04,21.26944,0.00272
2017-10-05,21.2118,-0.00271
2017-10-06,21.08691,-0.00589
2017-10-09,21.2022,0.00547
2017-10-10,21.30787,0.00498
2017-10-11,21.42315,0.00541
2017-10-12,21.56725,0.00673
2017-10-13,21.89388,0.01514
2017-10-16,21.98034,0.00395
2017-10-17,22.17248,0.00874
2017-10-18,22.17248,0.0
2017-10-19,22.04759,-0.00563
2017-10-20,22.1917,0.00654
2017-10-23,22.47029,0.01255
2017-10-24,22.72007,0.01112
2017-10-25,22.53753,-0.00803
2017-10-26,22.03798,-0.02217
2017-10-27,22.15326,0.00523
2017-10-30,22.37423,0.00997
2017-10-31,22.67203,0.01331
2017-11-01,22.72007,0.00212
2017-11-02,22.63361,-0.00381
2017-11-03,22.71046,0.0034
2017-11-06,22.87378,0.00719
2017-11-07,23.15237,0.01218
2017-11-08,23.34451,0.0083
2017-11-09,23.02748,-0.01358
2017-11-10,23.11394,0.00375
2017-11-13,22.95063,-0.00707
2017-11-14,22.89299,-0.00251
2017-11-15,22.61439,-0.01217
2017-11-16,23.10434,0.02167
2017-11-17,23.12355,0.00083
2017-11-20,23.29647,0.00748
2017-11-21,23.63271,0.01443
2017-11-22,23.7576,0.00528
2017-11-24,23.91131,0.00647
2017-11-27,23.83445,-0.00321
2017-11-28,23.71917,-0.00484
2017-11-29,23.23883,-0.02025
2017-11-30,22.96984,-0.01158
2017-12-01,22.9026,-0.00293
2017-12-04,22.44147,-0.02013
2017-12-05,22.35501,-0.00385
2017-12-06,22.31658,-0.00172
2017-12-07,22.58557,0.01205
2017-12-08,22.66243,0.0034
2017-12-11,22.55676,-0.00466
2017-12-12,22.41265,-0.00639
2017-12-13,22.22051,-0.00857
2017-12-14,22.12445,-0.00432
2017-12-15,22.39344,0.01216
2017-12-18,22.80653,0.01845
2017-12-19,22.624,-0.008
2017-12-20,22.68164,0.00255
2017-12-21,22.74889,0.00296
2017-12-22,22.83535,0.0038
2017-12-26,22.94102,0.00463
2017-12-27,22.97945,0.00168
2017-12-28,22.91412,-0.00284
2017-12-29,22.77001,-0.00629
2018-01-02,23.05823,0.01266
2018-01-03,23.52901,0.02042
2018-01-04,23.86527,0.01429
2018-01-05,24.13428,0.01127
2018-01-08,24.30722,0.00717
2018-01-09,24.38408,0.00316
2018-01-10,24.5378,0.0063
2018-01-11,24.75877,0.00901
2018-01-12,25.15269,0.01591
2018-01-16,25.56581,0.01642
2018-01-17,25.9309,0.01428
2018-01-18,25.86365,-0.00259
2018-01-19,26.19031,0.01263
2018-01-22,26.22874,0.00147
2018-01-23,26.3056,0.00293
2018-01-24,26.07501,-0.00877
2018-01-25,25.9309,-0.00553
2018-01-26,26.20952,0.01074
2018-01-29,26.03659,-0.0066
2018-01-30,25.47935,-0.0214
2018-01-31,25.4313,-0.00189
2018-02-01,25.62346,0.00756
2018-02-02,24.93171,-0.027
2018-02-05,23.45215,-0.05934
2018-02-06,24.00938,0.02376
2018-02-07,23.89409,-0.0048
2018-02-08,22.87569,-0.04262
2018-02-09,22.97177,0.0042
2018-02-12,23.40411,0.01882
2018-02-13,23.12549,-0.0119
2018-02-14,23.45215,0.01413
2018-02-15,23.81723,0.01557
2018-02-16,23.81723,0.0
2018-02-20,23.69234,-0.00524
2018-02-21,23.71155,0.00081
2018-02-22,23.74998,0.00162
2018-02-23,24.01899,0.01133
2018-02-26,24.23997,0.0092
2018-02-27,24.04781,-0.00793
2018-02-28,23.67312,-0.01558
2018-03-01,23.0198,-0.0276
2018-03-02,23.2696,0.01085
2018-03-05,23.28882,0.00083
2018-03-06,23.73077,0.01898
2018-03-07,23.42332,-0.01296
2018-03-08,23.58665,0.00697
2018-03-09,23.91331,0.01385
2018-03-12,24.07664,0.00683
2018-03-13,23.96135,-0.00479
2018-03-14,24.11507,0.00642
2018-03-15,24.22075,0.00438
2018-03-16,24.00938,-0.00873
2018-03-19,23.53861,-0.01961
2018-03-20,23.49057,-0.00204
2018-03-21,23.47136,-0.00082
2018-03-22,23.19274,-0.01187
2018-03-23,22.44334,-0.03231
2018-03-26,23.08706,0.02868
2018-03-27,22.74118,-0.01498
2018-03-28,22.75079,0.00042
2018-03-29,23.24078,0.02154
2018-04-02,22.68353,-0.02398
2018-04-03,22.80844,0.00551
2018-04-04,22.46256,-0.01516
2018-04-05,22.57785,0.00513
2018-04-06,22.04943,-0.0234
2018-04-09,22.0014,-0.00218
2018-04-10,22.62589,0.02838
2018-04-11,22.77961,0.00679
2018-04-12,22.85647,0.00337
2018-04-13,22.83726,-0.00084
2018-04-16,22.88529,0.0021
2018-04-17,23.16392,0.01217
2018-04-18,23.50979,0.01493
2018-04-19,23.34646,-0.00695
2018-04-20,23.11588,-0.00988
2018-04-23,22.92373,-0.00831
2018-04-24,22.74118,-0.00796
2018-04-25,22.40492,-0.01479
2018-04-26,22.53942,0.006
2018-04-27,22.28963,-0.01108
2018-04-30,22.19355,-0.00431
2018-05-01,22.1359,-0.0026
2018-05-02,22.06865,-0.00304
2018-05-03,22.11669,0.00218
2018-05-04,22.31845,0.00912
2018-05-07,22.47217,0.00689
2018-05-08,22.6355,0.00727
2018-05-09,22.65472,0.00085
2018-05-10,22.86608,0.00933
2018-05-11,22.97177,0.00462
2018-05-14,23.02941,0.00251
2018-05-15,22.56824,-0.02003
2018-05-16,22.56824,0.0
2018-05-17,22.56824,0.0
2018-05-18,22.66432,0.00426
2018-05-21,22.86608,0.0089
2018-05-22,22.87569,0.00042
2018-05-23,22.78922,-0.00378
2018-05-24,22.57785,-0.00927
2018-05-25,22.52982,-0.00213
2018-05-29,22.31845,-0.00938
2018-05-30,22.43374,0.00517
2018-05-31,22.32806,-0.00471
2018-06-01,22.53942,0.00947
2018-06-04,22.69314,0.00682
2018-06-05,22.70275,0.00042
2018-06-06,22.62589,-0.00339
2018-06-07,22.53942,-0.00382
2018-06-08,22.57785,0.00171
2018-06-11,22.75079,0.00766
2018-06-12,22.67393,-0.00338
2018-06-13,22.54903,-0.00551
2018-06-14,22.47217,-0.00341
2018-06-15,22.20315,-0.01197
2018-06-18,21.92453,-0.01255
2018-06-19,21.61709,-0.01402
2018-06-20,21.83807,0.01022
2018-06-21,21.78042,-0.00264
2018-06-22,21.79964,0.00088
2018-06-25,21.28083,-0.0238
2018-06-26,21.40573,0.00587
2018-06-27,21.09828,-0.01436
2018-06-28,21.19436,0.00455
2018-06-29,21.14632,-0.00227
2018-07-02,21.05985,-0.00409
2018-07-03,21.05025,-0.00046
2018-07-05,20.81966,-0.01095
2018-07-06,21.03103,0.01015
2018-07-09,21.2424,0.01005
2018-07-10,21.52102,0.01312
2018-07-11,21.09828,-0.01964
2018-07-12,21.30965,0.01002
2018-07-13,21.28083,-0.00135
2018-07-16,21.252,-0.00135
2018-07-17,21.05025,-0.00949
2018-07-18,21.10789,0.00274
2018-07-19,21.21357,0.00501
2018-07-20,21.09828,-0.00543
2018-07-23,20.97339,-0.00592
2018-07-24,21.17514,0.00962
2018-07-25,21.53063,0.01679
2018-07-26,21.7516,0.01026
2018-07-27,21.77081,0.00088
2018-07-30,21.42494,-0.01589
2018-07-31,21.43455,0.00045
2018-08-01,21.42494,-0.00045
2018-08-02,21.34808,-0.00359
2018-08-03,21.34808,0.0
2018-08-06,21.27122,-0.0036
2018-08-07,21.26161,-0.00045
2018-08-08,21.47298,0.00994
2018-08-09,21.59788,0.00582
2018-08-10,21.34808,-0.01157
2018-08-13,21.05985,-0.0135
2018-08-14,21.09828,0.00182
2018-08-15,20.70437,-0.01867
2018-08-16,20.84849,0.00696
2018-08-17,20.96378,0.00553
2018-08-20,21.02142,0.00275
2018-08-21,21.21357,0.00914
2018-08-22,21.41534,0.00951
2018-08-23,21.33848,-0.00359
2018-08-24,21.39612,0.0027
2018-08-27,21.78042,0.01796
2018-08-28,22.03022,0.01147
2018-08-29,22.17434,0.00654
2018-08-30,22.07826,-0.00433
2018-08-31,22.14551,0.00305
2018-09-04,21.84767,-0.01345
2018-09-05,21.54984,-0.01363
2018-09-06,21.48259,-0.00312
2018-09-07,21.19436,-0.01342
2018-09-10,21.33848,0.0068
2018-09-11,21.21357,-0.00585
2018-09-12,21.10789,-0.00498
2018-09-13,21.29043,0.00865
2018-09-14,21.77081,0.02256
2018-09-17,21.7516,-0.00088
2018-09-18,22.03982,0.01325
2018-09-19,22.11669,0.00349
2018-09-20,22.16473,0.00217
2018-09-21,22.16473,0.0
2018-09-24,22.16473,0.0
2018-09-25,22.06865,-0.00433
2018-09-26,22.011,-0.00261
2018-09-27,21.8765,-0.00611
2018-09-28,21.98218,0.00483
2018-10-01,22.19355,0.00962
2018-10-02,22.05904,-0.00606
2018-10-03,21.88611,-0.00784
2018-10-04,21.53063,-0.01624
2018-10-05,21.23279,-0.01383
2018-10-08,21.00221,-0.01086
2018-10-09,20.68516,-0.0151
2018-10-10,19.64754,-0.05016
2018-10-11,19.28245,-0.01858
2018-10-12,19.77243,0.02541
2018-10-15,19.64754,-0.00632
2018-10-16,20.27203,0.03178
2018-10-17,20.28164,0.00047
2018-10-18,19.6091,-0.03316
2018-10-19,19.40735,-0.01029
2018-10-22,19.49381,0.00446
2018-10-23,19.13833,-0.01824
2018-10-24,18.13915,-0.05221
2018-10-25,18.39855,0.0143
2018-10-26,18.03346,-0.01984
2018-10-29,17.6972,-0.01865
2018-10-30,18.40816,0.04017
2018-10-31,18.94618,0.02923
2018-11-01,19.15755,0.01116
2018-11-02,19.62832,0.02457
2018-11-05,19.54185,-0.00441
2018-11-06,19.5995,0.00295
2018-11-07,19.89733,0.0152
2018-11-08,19.54185,-0.01787
2018-11-09,19.16716,-0.01917
2018-11-12,18.73481,-0.02256
2018-11-13,18.81167,0.0041
2018-11-14,18.78285,-0.00153
2018-11-15,18.9654,0.00972
2018-11-16,18.64834,-0.01672
2018-11-19,18.31208,-0.01803
2018-11-20,17.91817,-0.02151
2018-11-21,18.26404,0.0193
2018-11-23,18.06228,-0.01105
2018-11-26,18.5907,0.02926
2018-11-27,18.47541,-0.0062
2018-11-28,19.07108,0.03224
2018-11-29,18.975,-0.00504
2018-11-30,18.93657,-0.00203
2018-12-03,19.31127,0.01979
2018-12-04,18.32169,-0.05124
2018-12-06,17.94699,-0.02045
2018-12-07,17.50504,-0.02463
2018-12-10,17.41858,-0.00494
2018-12-11,17.16878,-0.01434
2018-12-12,17.49544,0.01903
2018-12-13,17.38975,-0.00604
2018-12-14,16.96702,-0.02431
2018-12-17,16.60193,-0.02152
2018-12-18,16.71722,0.00694
2018-12-19,16.50585,-0.01264
2018-12-20,16.19841,-0.01863
2018-12-21,15.74685,-0.02788
2018-12-24,15.4298,-0.02013
2018-12-26,16.12155,0.04483
2018-12-27,16.1888,0.00417
2018-12-28,16.30674,0.00729
2018-12-31,16.31648,0.0006
2019-01-02,16.39447,0.00478
2019-01-03,15.95585,-0.02675
2019-01-04,16.46269,0.03177
2019-01-07,16.73561,0.01658
2019-01-08,16.95979,0.0134
2019-01-09,17.20346,0.01437
2019-01-10,17.20346,0.0
2019-01-11,17.03777,-0.00963
2019-01-14,16.93055,-0.00629
2019-01-15,17.31068,0.02245
2019-01-16,17.45689,0.00845
2019-01-17,17.54461,0.00503
2019-01-18,17.93449,0.02222
2019-01-22,17.33992,-0.03315
2019-01-23,17.33992,0.0
2019-01-24,17.63233,0.01686
2019-01-25,18.04171,0.02322
2019-01-28,17.7298,-0.01729
2019-01-29,17.47638,-0.01429
2019-01-30,17.81753,0.01952
2019-01-31,17.99297,0.00985
2019-02-01,18.04171,0.00271
2019-02-04,18.20741,0.00918
2019-02-05,18.40235,0.01071
2019-02-06,18.44133,0.00212
2019-02-07,18.21715,-0.01216
2019-02-08,18.04171,-0.00963
2019-02-11,18.10994,0.00378
2019-02-12,18.74349,0.03498
2019-02-13,18.87995,0.00728
2019-02-14,18.82147,-0.0031
2019-02-15,19.13337,0.01657
2019-02-19,19.17236,0.00204
2019-02-20,19.30882,0.00712
2019-02-21,19.2016,-0.00555
2019-02-22,19.42578,0.01167
2019-02-25,19.61098,0.00953
2019-02-26,19.533,-0.00398
2019-02-27,19.33806,-0.00998
2019-02-28,19.02616,-0.01613
2019-03-01,19.26983,0.01281
2019-03-04,19.26008,-0.00051
2019-03-05,19.2016,-0.00304
2019-03-06,19.02616,-0.00914
2019-03-07,18.56804,-0.02408
2019-03-08,18.52418,-0.00236
2019-03-11,18.89944,0.02026
2019-03-12,19.08464,0.0098
2019-03-13,19.21135,0.00664
2019-03-14,19.08464,-0.0066
2019-03-15,19.25034,0.00868
2019-03-18,19.40629,0.0081
2019-03-19,19.49401,0.00452
2019-03-20,19.46477,-0.0015
2019-03-21,19.64022,0.00901
2019-03-22,19.26983,-0.01886
2019-03-25,19.27958,0.00051
2019-03-26,19.49401,0.01112
2019-03-27,19.31857,-0.009
2019-03-28,19.48426,0.00858
2019-03-29,19.57199,0.0045
2019-04-01,19.96186,0.01992
2019-04-02,20.08858,0.00635
2019-04-03,20.44921,0.01795
2019-04-04,20.49795,0.00238
2019-04-05,20.68314,0.00903
2019-04-08,20.6734,-0.00047
2019-04-09,20.59542,-0.00377
2019-04-10,20.75138,0.00757
2019-04-11,20.68314,-0.00329
2019-04-12,20.87808,0.00943
2019-04-15,20.89758,0.00093
2019-04-16,21.14126,0.01166
2019-04-17,21.19974,0.00277
2019-04-18,21.21923,0.00092
2019-04-22,21.07303,-0.00689
2019-04-23,21.16074,0.00416
2019-04-24,20.8196,-0.01612
2019-04-25,20.6734,-0.00702
2019-04-26,20.78062,0.00519
2019-04-29,20.87808,0.00469
2019-04-30,20.96581,0.0042
2019-05-01,20.8196,-0.00697
2019-05-02,20.80985,-0.00047
2019-05-03,21.20948,0.0192
2019-05-06,20.86834,-0.01608
2019-05-07,20.1763,-0.03316
2019-05-08,20.14706,-0.00145
2019-05-09,19.92288,-0.01113
2019-05-10,20.07883,0.00783
2019-05-13,19.16261,-0.04563
2019-05-14,19.54274,0.01984
2019-05-15,19.64996,0.00549
2019-05-16,19.74743,0.00496
2019-05-17,19.40629,-0.01728
2019-05-20,18.91894,-0.02511
2019-05-21,19.10413,0.00979
2019-05-22,18.96767,-0.00714
2019-05-23,18.47058,-0.02621
2019-05-24,18.71425,0.01319
2019-05-28,18.50956,-0.01094
2019-05-29,18.46083,-0.00263
2019-05-30,18.74349,0.01531
2019-05-31,18.32437,-0.02236
2019-06-03,18.23664,-0.00479
2019-06-04,18.85071,0.03367
2019-06-05,18.96767,0.0062
2019-06-06,18.86046,-0.00565
2019-06-07,19.25034,0.02067
2019-06-10,19.45502,0.01063
2019-06-11,19.60123,0.00752
2019-06-12,19.29907,-0.01542
2019-06-13,19.42578,0.00657
2019-06-14,19.01641,-0.02107
2019-06-17,19.2211,0.01076
2019-06-18,19.49401,0.0142
2019-06-19,19.80592,0.016
2019-06-20,20.10807,0.01526
2019-06-21,19.98136,-0.0063
2019-06-24,19.95212,-0.00146
2019-06-25,19.83516,-0.00586
2019-06-26,19.88389,0.00246
2019-06-27,20.17946,0.01486
2019-06-28,20.37586,0.00973
2019-07-01,20.70973,0.01639
2019-07-02,20.61153,-0.00474
2019-07-03,20.71955,0.00524
2019-07-05,20.3955,-0.01564
2019-07-08,20.18928,-0.01011
2019-07-09,19.81614,-0.01848
2019-07-10,19.92415,0.00545
2019-07-11,19.81614,-0.00542
2019-07-12,19.70812,-0.00545
2019-07-15,19.65902,-0.00249
2019-07-16,19.53136,-0.00649
2019-07-17,19.61974,0.00452
2019-07-18,19.56082,-0.003
2019-07-19,19.65902,0.00502
2019-07-22,19.80632,0.00749
2019-07-23,20.05181,0.01239
2019-07-24,20.13036,0.00392
2019-07-25,19.80632,-0.0161
2019-07-26,19.66884,-0.00694
2019-07-29,19.54118,-0.00649
2019-07-30,19.551,0.0005
2019-07-31,19.26623,-0.01457
2019-08-01,18.92254,-0.01784
2019-08-02,18.55921,-0.0192
2019-08-05,17.69508,-0.04656
2019-08-06,18.17625,0.02719
2019-08-07,18.12715,-0.0027
2019-08-08,18.5985,0.026
2019-08-09,18.14678,-0.02429
2019-08-12,17.95039,-0.01082
2019-08-13,18.46102,0.02845
2019-08-14,17.74418,-0.03883
2019-08-15,17.84238,0.00553
2019-08-16,18.1566,0.01761
2019-08-19,18.31372,0.00865
2019-08-20,18.22534,-0.00483
2019-08-21,18.47084,0.01347
2019-08-22,18.37264,-0.00532
2019-08-23,17.82274,-0.02993
2019-08-26,18.08787,0.01488
2019-08-27,17.92093,-0.00923
2019-08-28,17.94057,0.0011
2019-08-29,18.26462,0.01806
2019-08-30,18.46102,0.01075
2019-09-03,18.17625,-0.01543
2019-09-04,18.49047,0.01729
2019-09-05,18.99128,0.02708
2019-09-06,19.06984,0.00414
2019-09-09,19.29569,0.01184
2019-09-10,19.49208,0.01018
2019-09-11,19.82595,0.01713
2019-09-12,20.09109,0.01337
2019-09-13,20.11073,0.00098
2019-09-16,19.96343,-0.00732
2019-09-17,19.90451,-0.00295
2019-09-18,19.94379,0.00197
2019-09-19,19.88488,-0.00295
2019-09-20,19.63938,-0.01235
2019-09-23,19.6001,-0.002
2019-09-24,19.48227,-0.00601
2019-09-25,19.59028,0.00554
2019-09-26,19.57064,-0.001
2019-09-27,19.39389,-0.00903
2019-09-30,19.65902,0.01367
2019-10-01,19.44298,-0.01099
2019-10-02,18.89309,-0.02828
2019-10-03,19.19749,0.01611
2019-10-04,19.39389,0.01023
2019-10-07,19.29569,-0.00506
2019-10-08,18.93236,-0.01883
2019-10-09,19.1484,0.01141
2019-10-10,18.99128,-0.00821
2019-10-11,19.47245,0.02534
2019-10-14,19.38407,-0.00454
2019-10-15,19.78668,0.02077
2019-10-16,19.80632,0.00099
2019-10-17,19.86523,0.00297
2019-10-18,19.93397,0.00346
2019-10-21,20.06163,0.0064
2019-10-22,19.91433,-0.00734
2019-10-23,20.03217,0.00592
2019-10-24,20.15,0.00588
2019-10-25,20.33658,0.00926
2019-10-28,20.65081,0.01545
2019-10-29,20.63117,-0.00095
2019-10-30,20.53298,-0.00476
2019-10-31,20.41514,-0.00574
2019-11-01,20.92576,0.02501
2019-11-04,21.22035,0.01408
2019-11-05,21.28909,0.00324
2019-11-06,21.0927,-0.00922
2019-11-07,21.34801,0.0121
2019-11-08,21.21053,-0.00644
2019-11-11,21.06324,-0.00694
2019-11-12,21.17125,0.00513
2019-11-13,20.98468,-0.00881
2019-11-14,20.9945,0.00047
2019-11-15,21.08287,0.00421
2019-11-18,21.05342,-0.0014
2019-11-19,20.85702,-0.00933
2019-11-20,20.76864,-0.00424
2019-11-21,20.69009,-0.00378
2019-11-22,20.79811,0.00522
2019-11-25,21.20071,0.01936
2019-11-26,21.20071,0.0
2019-11-27,21.29891,0.00463
2019-11-29,21.06324,-0.01106
2019-12-02,20.79811,-0.01259
2019-12-03,20.88648,0.00425
2019-12-04,21.0927,0.00987
2019-12-05,21.08287,-0.00047
2019-12-06,21.40693,0.01537
2019-12-09,21.25963,-0.00688
2019-12-10,21.26945,0.00046
2019-12-11,21.36765,0.00462
2019-12-12,21.69169,0.01517
2019-12-13,21.87827,0.0086
2019-12-16,21.92737,0.00224
2019-12-17,21.88809,-0.00179
2019-12-18,21.65242,-0.01077
2019-12-19,21.75061,0.00454
2019-12-20,21.65242,-0.00451
2019-12-23,21.70152,0.00227
2019-12-24,21.72116,0.00091
2019-12-26,21.86845,0.00678
2019-12-27,21.72116,-0.00674
2019-12-30,21.49597,-0.01037
2019-12-31,21.5058,0.00046
2020-01-02,21.87947,0.01738
2020-01-03,21.5648,-0.01438
2020-01-06,21.83031,0.01231
2020-01-07,21.72214,-0.00496
2020-01-08,21.89914,0.00815
2020-01-09,22.03681,0.00629
2020-01-10,21.99748,-0.00178
2020-01-13,22.22364,0.01028
2020-01-14,22.25314,0.00133
2020-01-15,22.05647,-0.00884
2020-01-16,22.14498,0.00401
2020-01-17,22.16465,0.00089
2020-01-21,21.89914,-0.01198
2020-01-22,22.02698,0.00584
2020-01-23,22.20398,0.00804
2020-01-24,21.98764,-0.00974
2020-01-27,21.33863,-0.02952
2020-01-28,21.61397,0.0129
2020-01-29,21.64347,0.00136
2020-01-30,21.63364,-0.00045
2020-01-31,21.05346,-0.02682
2020-02-03,21.34846,0.01401
2020-02-04,21.81064,0.02165
2020-02-05,22.07614,0.01217
2020-02-06,22.16465,0.00401
2020-02-07,21.86964,-0.01331
2020-02-10,22.20398,0.01529
2020-02-11,22.54815,0.0155
2020-02-12,22.67598,0.00567
2020-02-13,22.43998,-0.01041
2020-02-14,22.47931,0.00175
2020-02-18,22.21381,-0.01181
2020-02-19,22.39081,0.00797
2020-02-20,22.30231,-0.00395
2020-02-21,21.86964,-0.0194
2020-02-24,20.77812,-0.04991
2020-02-25,20.37495,-0.0194
2020-02-26,20.53229,0.00772
2020-02-27,19.62761,-0.04406
2020-02-28,19.93244,0.01553
2020-03-02,20.21761,0.01431
2020-03-03,19.79478,-0.02091
2020-03-04,20.62079,0.04173
2020-03-05,19.86361,-0.03672
2020-03-06,19.44077,-0.02129
2020-03-09,17.73958,-0.08751
2020-03-10,18.56559,0.04656
2020-03-11,17.62158,-0.05085
2020-03-12,15.56638,-0.11663
2020-03-13,16.96274,0.0897
2020-03-16,14.85837,-0.12406
2020-03-17,15.92039,0.07148
2020-03-18,15.35988,-0.03521
2020-03-19,15.46805,0.00704
2020-03-20,15.29105,-0.01144
2020-03-23,15.20746,-0.00547
2020-03-24,17.14957,0.12771
2020-03-25,17.46424,0.01835
2020-03-26,18.40826,0.05405
2020-03-27,17.86742,-0.02938
2020-03-30,18.16242,0.01651
2020-03-31,17.83791,-0.01787
2020-04-01,16.78573,-0.05899
2020-04-02,17.15941,0.02226
2020-04-03,16.63823,-0.03037
2020-04-06,17.91658,0.07683
2020-04-07,17.79858,-0.00659
2020-04-08,18.18209,0.02155
2020-04-09,18.48692,0.01677
2020-04-13,18.33942,-0.00798
2020-04-14,19.0671,0.03968
2020-04-15,18.49676,-0.02991
2020-04-16,18.6246,0.00691
2020-04-17,18.96877,0.01848
2020-04-20,18.68359,-0.01503
2020-04-21,18.20176,-0.02579
2020-04-22,18.8901,0.03782
2020-04-23,18.89993,0.00052
2020-04-24,19.17527,0.01457
2020-04-27,19.70628,0.02769
2020-04-28,19.94228,0.01198
2020-04-29,20.63062,0.03452
2020-04-30,20.07995,-0.02669
2020-05-01,19.50961,-0.0284
2020-05-04,19.66694,0.00806
2020-05-05,19.87345,0.0105
2020-05-06,19.82428,-0.00247
2020-05-07,20.50278,0.03423
2020-05-08,20.82729,0.01583
2020-05-11,21.0633,0.01133
2020-05-12,20.58146,-0.02288
2020-05-13,20.66012,0.00382
2020-05-14,20.41429,-0.0119
2020-05-15,20.81746,0.01975
2020-05-18,21.67297,0.0411
2020-05-19,21.58447,-0.00408
2020-05-20,22.17447,0.02733
2020-05-21,21.87947,-0.0133
2020-05-22,22.24331,0.01663
2020-05-26,22.69565,0.02034
2020-05-27,22.72515,0.0013
2020-05-28,22.85299,0.00563
2020-05-29,22.79398,-0.00258
2020-06-01,23.21683,0.01855
2020-06-02,23.22666,0.00042
2020-06-03,23.43316,0.00889
2020-06-04,23.21683,-0.00923
2020-06-05,23.61016,0.01694
2020-06-08,23.6495,0.00167
2020-06-09,23.62,-0.00125
2020-06-10,23.6495,0.00125
2020-06-11,22.30231,-0.05696
2020-06-12,22.75465,0.02028
2020-06-15,22.84315,0.00389
2020-06-16,23.26599,0.01851
2020-06-17,23.4725,0.00888
2020-06-18,23.29549,-0.00754
2020-06-19,23.26599,-0.00127
2020-06-22,23.62983,0.01564
2020-06-23,23.65933,0.00125
2020-06-24,23.18732,-0.01995
2020-06-25,23.65933,0.02036
2020-06-26,23.16766,-0.02078
2020-06-29,23.42797,0.01124
2020-06-30,23.53643,0.00463
2020-07-01,23.67447,0.00587
2020-07-02,23.6942,0.00083
2020-07-06,24.28581,0.02497
2020-07-07,24.10833,-0.00731
2020-07-08,24.34497,0.00982
2020-07-09,24.23651,-0.00446
2020-07-10,24.57176,0.01383
2020-07-13,24.04917,-0.02127
2020-07-14,24.42385,0.01558
2020-07-15,24.89715,0.01938
2020-07-16,24.47316,-0.01703
2020-07-17,24.87742,0.01652
2020-07-20,25.13379,0.01031
2020-07-21,25.18309,0.00196
2020-07-22,25.31128,0.00509
2020-07-23,25.27184,-0.00156
2020-07-24,25.00561,-0.01053
2020-07-27,25.54792,0.02169
2020-07-28,25.22253,-0.01274
2020-07-29,25.46904,0.00977
2020-07-30,25.30142,-0.00658
2020-07-31,24.96617,-0.01325
2020-08-03,25.5282,0.02251
2020-08-04,25.67611,0.00579
2020-08-05,25.94234,0.01037
2020-08-06,26.0015,0.00228
2020-08-07,25.90289,-0.00379
2020-08-10,25.93247,0.00114
2020-08-11,25.99164,0.00228
2020-08-12,26.68185,0.02656
2020-08-13,26.59311,-0.00333
2020-08-14,26.55367,-0.00148
2020-08-17,27.02696,0.01782
2020-08-18,26.92836,-0.00365
2020-08-19,26.66213,-0.00989
2020-08-20,26.54381,-0.00444
2020-08-21,26.42548,-0.00446
2020-08-24,26.68185,0.0097
2020-08-25,26.68185,0.0
2020-08-26,26.7706,0.00333
2020-08-27,26.46493,-0.01142
2020-08-28,26.7706,0.01155
2020-08-31,26.72129,-0.00184
2020-09-01,27.10584,0.01439
2020-09-02,27.7369,0.02328
2020-09-03,26.63255,-0.03982
2020-09-04,26.54381,-0.00333
2020-09-08,26.16912,-0.01412
2020-09-09,26.75088,0.02223
2020-09-10,26.43535,-0.0118
2020-09-11,26.50437,0.00261
2020-09-14,27.07626,0.02158
2020-09-15,27.38193,0.01129
2020-09-16,27.29319,-0.00324
2020-09-17,27.17487,-0.00434
2020-09-18,26.98752,-0.00689
2020-09-21,26.47479,-0.019
2020-09-22,26.69171,0.00819
2020-09-23,26.45506,-0.00887
2020-09-24,26.40577,-0.00186
2020-09-25,26.78046,0.01419
2020-09-28,27.17487,0.01473
2020-09-29,27.51011,0.01234
2020-09-30,27.48054,-0.00108
2020-10-01,27.84536,0.01328
2020-10-02,27.589,-0.00921
2020-10-05,27.87495,0.01036
2020-10-06,27.79606,-0.00283
2020-10-07,28.25949,0.01667
2020-10-08,28.34823,0.00314
2020-10-09,28.62432,0.00974
2020-10-12,28.86097,0.00827
2020-10-13,28.86097,0.0
2020-10-14,28.83139,-0.00103
2020-10-15,28.48628,-0.01197
2020-10-16,28.49614,0.00035
2020-10-19,28.4567,-0.00138
2020-10-20,28.72293,0.00936
2020-10-21,28.56516,-0.00549
2020-10-22,28.63419,0.00242
2020-10-23,28.63419,0.0
2020-10-26,28.02285,-0.02135
2020-10-27,28.12145,0.00352
2020-10-28,27.33263,-0.02805
2020-10-29,27.69746,0.01335
2020-10-30,27.32277,-0.01353
2020-11-02,27.55942,0.00866
2020-11-03,28.24963,0.02504
2020-11-04,28.71307,0.0164
2020-11-05,29.51175,0.02782
2020-11-06,29.44273,-0.00234
2020-11-09,30.17238,0.02478
2020-11-10,29.35398,-0.02712
2020-11-11,29.79769,0.01512
2020-11-12,29.58077,-0.00728
2020-11-13,30.07378,0.01667
2020-11-16,30.64568,0.01902
2020-11-17,30.40903,-0.00772
2020-11-18,30.35973,-0.00162
2020-11-19,30.51749,0.0052
2020-11-20,30.62595,0.00355
2020-11-23,30.72456,0.00322
2020-11-24,31.12883,0.01316
2020-11-25,31.11896,-0.00032
2020-11-27,31.55282,0.01394
2020-11-30,31.20771,-0.01094
2020-12-01,31.94723,0.0237
2020-12-02,31.89793,-0.00154
2020-12-03,31.89793,0.0
2020-12-04,32.24304,0.01082
2020-12-07,31.75002,-0.01529
2020-12-08,31.89793,0.00466
2020-12-09,31.70072,-0.00618
2020-12-10,31.70072,0.0
2020-12-11,31.5824,-0.00373
2020-12-14,31.80918,0.00718
2020-12-15,32.14444,0.01054
2020-12-16,32.04583,-0.00307
2020-12-17,32.45996,0.01292
2020-12-18,32.34164,-0.00365
2020-12-21,32.16416,-0.00549
2020-12-22,32.37122,0.00644
2020-12-23,32.61773,0.00762
2020-12-24,32.4994,-0.00363
2020-12-28,32.66702,0.00516
2020-12-29,32.78535,0.00362
2020-12-30,32.9234,0.00421
2020-12-31,32.67196,-0.00764
2021-01-04,32.53885,-0.00407
2021-01-05,33.1206,0.01788
2021-01-06,33.16991,0.00149
2021-01-07,33.67278,0.01516
2021-01-08,33.89956,0.00674
2021-01-11,33.70235,-0.00582
2021-01-12,33.8897,0.00556
2021-01-13,33.91928,0.00087
2021-01-14,34.76726,0.025
2021-01-15,34.03761,-0.02099
2021-01-19,34.6095,0.0168
2021-01-20,35.12223,0.01481
2021-01-21,35.11237,-0.00028
2021-01-22,34.92503,-0.00534
2021-01-25,35.09265,0.0048
2021-01-26,34.95461,-0.00393
2021-01-27,34.45173,-0.01439
2021-01-28,34.29398,-0.00458
2021-01-29,33.37697,-0.02674
2021-02-01,34.09677,0.02157
2021-02-02,34.57992,0.01417
2021-02-03,34.38272,-0.0057
2021-02-04,34.32355,-0.00172
2021-02-05,34.57006,0.00718
2021-02-08,35.1321,0.01626
2021-02-09,35.60538,0.01347
2021-02-10,35.5758,-0.00083
2021-02-11,35.83217,0.00721
2021-02-12,35.95049,0.0033
2021-02-16,35.86175,-0.00247
2021-02-17,35.26027,-0.01677
2021-02-18,34.91516,-0.00979
2021-02-19,35.29972,0.01101
2021-02-22,34.5109,-0.02235
2021-02-23,34.07704,-0.01257
2021-02-24,34.15593,0.00231
2021-02-25,33.09101,-0.03118
2021-02-26,33.15018,0.00179
2021-03-01,33.94886,0.02409
2021-03-02,33.65305,-0.00871
2021-03-03,32.68675,-0.02871
2021-03-04,31.70072,-0.03017
2021-03-05,32.06555,0.01151
2021-03-08,31.08939,-0.03044
2021-03-09,31.91765,0.02664
2021-03-10,32.28248,0.01143
2021-03-11,32.91354,0.01955
2021-03-12,33.022,0.0033
2021-03-15,33.27837,0.00776
2021-03-16,33.13046,-0.00444
2021-03-17,33.35725,0.00685
2021-03-18,32.66702,-0.02069
2021-03-19,32.93325,0.00815
2021-03-22,32.96284,0.0009
2021-03-23,31.98667,-0.02961
2021-03-24,31.4838,-0.01572
2021-03-25,32.03597,0.01754
2021-03-26,32.68675,0.02031
2021-03-29,32.29234,-0.01207
2021-03-30,32.4008,0.00336
2021-03-31,32.67689,0.00852
2021-04-01,33.57417,0.02746
2021-04-05,34.21509,0.01909
2021-04-06,33.9883,-0.00663
2021-04-07,33.67278,-0.00928
2021-04-08,34.10662,0.01288
2021-04-09,34.22495,0.00347
2021-04-12,33.96858,-0.00749
2021-04-13,34.26439,0.00871
2021-04-14,34.12634,-0.00403
2021-04-15,34.64894,0.01531
2021-04-16,34.92503,0.00797
2021-04-19,34.39257,-0.01525
2021-04-20,33.68264,-0.02064
2021-04-21,34.29398,0.01815
2021-04-22,34.26439,-0.00086
2021-04-23,34.62922,0.01065
2021-04-26,34.90531,0.00797
2021-04-27,34.53062,-0.01073
2021-04-28,34.57006,0.00114
2021-04-29,34.34327,-0.00656
2021-04-30,33.86012,-0.01407
2021-05-03,33.7911,-0.00204
2021-05-04,32.84452,-0.02801
2021-05-05,33.23892,0.01201
2021-05-06,33.30794,0.00208
2021-05-07,33.7911,0.01451
2021-05-10,32.91354,-0.02597
2021-05-11,32.53885,-0.01138
2021-05-12,31.20771,-0.04091
2021-05-13,31.56268,0.01137
2021-05-14,32.39094,0.02624
2021-05-17,31.89793,-0.01522
2021-05-18,32.105,0.00649
2021-05-19,31.90779,-0.00614
2021-05-20,32.50926,0.01885
2021-05-21,32.67689,0.00516
2021-05-24,33.01213,0.01026
2021-05-25,32.90367,-0.00329
2021-05-26,33.19948,0.00899
2021-05-27,33.4164,0.00653
2021-05-28,33.77138,0.01062
2021-06-01,33.78123,0.00029
2021-06-02,33.96858,0.00555
2021-06-03,33.8404,-0.00377
2021-06-04,34.44188,0.01777
2021-06-07,34.57006,0.00372
2021-06-08,34.43202,-0.00399
2021-06-09,34.03761,-0.01145
2021-06-10,34.1855,0.00435
2021-06-11,34.43202,0.00721
2021-06-14,34.69824,0.00773
2021-06-15,34.6588,-0.00114
2021-06-16,34.55033,-0.00313
2021-06-17,34.58978,0.00114
2021-06-18,33.91928,-0.01938
2021-06-21,34.28411,0.01076
2021-06-22,34.40243,0.00345
2021-06-23,34.24467,-0.00459
2021-06-24,34.68838,0.01296
2021-06-25,34.72783,0.00114
2021-06-28,34.89545,0.00483
2021-06-29,34.81544,-0.00229
2021-06-30,34.51915,-0.00851
2021-07-01,34.2821,-0.00687
2021-07-02,34.4105,0.00375
2021-07-06,34.42037,0.00029
2021-07-07,34.10432,-0.00918
2021-07-08,33.75864,-0.01014
2021-07-09,34.35124,0.01755
2021-07-12,34.71667,0.01064
2021-07-13,34.18333,-0.01536
2021-07-14,33.79815,-0.01127
2021-07-15,33.32407,-0.01403
2021-07-16,32.95862,-0.01097
2021-07-19,32.35614,-0.01828
2021-07-20,32.929,0.0177
2021-07-21,33.45246,0.0159
2021-07-22,33.38332,-0.00207
2021-07-23,33.44258,0.00178
2021-07-26,33.46234,0.00059
2021-07-27,33.06726,-0.01181
2021-07-28,33.50184,0.01314
2021-07-29,33.79815,0.00884
2021-07-30,33.59073,-0.00614
2021-08-02,33.96605,0.01117
2021-08-03,34.16358,0.00582
2021-08-04,33.99568,-0.00491
2021-08-05,34.37099,0.01104
2021-08-06,33.93642,-0.01264
2021-08-09,34.14383,0.00611
2021-08-10,34.05494,-0.0026
2021-08-11,34.7068,0.01914
2021-08-12,34.8352,0.0037
2021-08-13,34.99323,0.00454
2021-08-16,34.56853,-0.01214
2021-08-17,34.26234,-0.00886
2021-08-18,34.26234,0.0
2021-08-19,34.07469,-0.00548
2021-08-20,34.27222,0.0058
2021-08-23,35.2994,0.02997
2021-08-24,35.99078,0.01959
2021-08-25,35.80312,-0.00521
2021-08-26,35.74385,-0.00166
2021-08-27,36.34634,0.01686
2021-08-30,36.1488,-0.00544
2021-08-31,36.21793,0.00191
2021-09-01,36.84017,0.01718
2021-09-02,37.24512,0.01099
2021-09-03,37.98587,0.01989
2021-09-07,38.43033,0.0117
2021-09-08,38.02538,-0.01054
2021-09-09,38.43033,0.01065
2021-09-10,37.96611,-0.01208
2021-09-13,38.37107,0.01067
2021-09-14,38.13403,-0.00618
2021-09-15,38.66737,0.01399
2021-09-16,38.51922,-0.00383
2021-09-17,38.51922,0.0
2021-09-20,37.66982,-0.02205
2021-09-21,38.21304,0.01442
2021-09-22,38.22292,0.00026
2021-09-23,38.90441,0.01783
2021-09-24,38.29206,-0.01574
2021-09-27,37.8476,-0.01161
2021-09-28,36.50436,-0.03549
2021-09-29,36.26733,-0.00649
2021-09-30,36.11917,-0.00409
2021-10-01,35.67472,-0.01231
2021-10-04,34.34136,-0.03738
2021-10-05,34.81544,0.01381
2021-10-06,34.78582,-0.00085
2021-10-07,35.20063,0.01192
2021-10-08,34.99323,-0.00589
2021-10-11,34.76606,-0.00649
2021-10-12,35.0031,0.00682
2021-10-13,35.45744,0.01298
2021-10-14,36.52412,0.03008
2021-10-15,37.08709,0.01541
2021-10-18,36.8698,-0.00586
2021-10-19,37.14635,0.0075
2021-10-20,36.96857,-0.00479
2021-10-21,36.66239,-0.00828
2021-10-22,36.65252,-0.00027
2021-10-25,37.06734,0.01132
2021-10-26,36.76116,-0.00826
2021-10-27,36.1488,-0.01666
2021-10-28,37.01795,0.02404
2021-10-29,37.21549,0.00534
2021-11-01,38.00563,0.02123
2021-11-02,38.17353,0.00442
2021-11-03,38.49946,0.00854
2021-11-04,39.27972,0.02027
2021-11-05,39.25997,-0.0005
2021-11-08,39.33899,0.00201
2021-11-09,38.94391,-0.01004
2021-11-10,37.34388,-0.04109
2021-11-11,37.4229,0.00212
2021-11-12,37.99575,0.01531
2021-11-15,37.5908,-0.01066
2021-11-16,37.74883,0.0042
2021-11-17,37.65006,-0.00262
2021-11-18,37.91674,0.00708
2021-11-19,37.8476,-0.00182
2021-11-22,37.00808,-0.02218
2021-11-23,36.55375,-0.01228
2021-11-24,36.75128,0.0054
2021-11-26,35.87226,-0.02392
2021-11-29,36.41547,0.01514
2021-11-30,35.75373,-0.01817
2021-12-01,34.97347,-0.02182
2021-12-02,35.60558,0.01807
2021-12-03,35.04261,-0.01581
2021-12-06,35.27966,0.00676
2021-12-07,36.5735,0.03667
2021-12-08,36.80066,0.00621
2021-12-09,35.76361,-0.02818
2021-12-10,35.7241,-0.0011
2021-12-13,35.15125,-0.01604
2021-12-14,34.61791,-0.01517
2021-12-15,35.53645,0.02653
2021-12-16,34.85495,-0.01918
2021-12-17,34.61791,-0.0068
2021-12-20,34.25248,-0.01056
2021-12-21,35.25002,0.02912
2021-12-22,35.51669,0.00757
2021-12-23,35.88213,0.01029
2021-12-27,36.34634,0.01294
2021-12-28,35.93151,-0.01141
2021-12-29,35.54632,-0.01072
2021-12-30,35.65497,0.00306
2021-12-31,35.49694,-0.00443
2022-01-03,35.64509,0.00417
2022-01-04,35.4278,-0.0061
2022-01-05,34.37099,-0.02983
2022-01-06,34.04506,-0.00948
2022-01-07,33.48209,-0.01654
2022-01-10,33.01788,-0.01386
2022-01-11,33.21541,0.00598
2022-01-12,33.5611,0.01041
2022-01-13,32.33639,-0.03649
2022-01-14,31.78329,-0.0171
2022-01-18,30.845,-0.02952
2022-01-19,30.4203,-0.01377
2022-01-20,30.17338,-0.00812
2022-01-21,29.12645,-0.0347
2022-01-24,28.9388,-0.00644
2022-01-25,28.45484,-0.01672
2022-01-26,28.39558,-0.00208
2022-01-27,27.73384,-0.0233
2022-01-28,28.04001,0.01104
2022-01-31,29.33387,0.04614
2022-02-01,29.77832,0.01515
2022-02-02,29.94622,0.00564
2022-02-03,28.61286,-0.04453
2022-02-04,28.80052,0.00656
2022-02-07,28.80052,0.0
2022-02-08,29.1067,0.01063
2022-02-09,30.10425,0.03427
2022-02-10,29.44251,-0.02198
2022-02-11,28.58323,-0.02918
2022-02-14,28.50422,-0.00276
2022-02-15,29.64992,0.04019
2022-02-16,30.09437,0.01499
2022-02-17,29.09682,-0.03315
2022-02-18,28.35607,-0.02546
2022-02-22,28.09927,-0.00906
2022-02-23,27.34864,-0.02671
2022-02-24,28.04989,0.02564
2022-02-25,28.9388,0.03169
2022-02-28,29.20547,0.00922
2022-03-01,28.66225,-0.0186
2022-03-02,29.37337,0.02481
2022-03-03,28.78077,-0.02017
2022-03-04,27.74371,-0.03603
2022-03-07,26.29183,-0.05233
2022-03-08,26.38072,0.00338
2022-03-09,27.46716,0.04118
2022-03-10,26.99308,-0.01726
2022-03-11,26.20294,-0.02927
2022-03-14,25.80787,-0.01508
2022-03-15,26.21282,0.01569
2022-03-16,27.51655,0.04974
2022-03-17,28.39558,0.03195
2022-03-18,29.19559,0.02817
2022-03-21,29.02769,-0.00575
2022-03-22,29.09682,0.00238
2022-03-23,28.39558,-0.0241
2022-03-24,29.04744,0.02296
2022-03-25,28.64249,-0.01394
2022-03-28,28.72151,0.00276
2022-03-29,29.59066,0.03026
2022-03-30,29.13633,-0.01535
2022-03-31,28.65237,-0.01661
2022-04-01,28.75114,0.00345
2022-04-04,29.00793,0.00893
2022-04-05,28.15853,-0.02928
2022-04-06,27.31901,-0.02981
2022-04-07,27.27951,-0.00145
2022-04-08,26.89431,-0.01412
2022-04-11,25.99553,-0.03342
2022-04-12,25.59059,-0.01558
2022-04-13,26.24245,0.02547
2022-04-14,25.74861,-0.01882
2022-04-18,25.48194,-0.01036
2022-04-19,26.00541,0.02054
2022-04-20,25.84738,-0.00608
2022-04-21,25.41281,-0.01681
2022-04-22,24.48439,-0.03653
2022-04-25,24.61279,0.00524
2022-04-26,23.53623,-0.04374
2022-04-27,23.41771,-0.00504
2022-04-28,24.04982,0.02699
2022-04-29,23.55598,-0.02053
2022-05-02,23.82265,0.01132
2022-05-03,23.8029,-0.00083
2022-05-04,24.6523,0.03568
2022-05-05,23.49672,-0.04688
2022-05-06,22.93375,-0.02396
2022-05-09,21.69916,-0.05383
2022-05-10,21.42261,-0.01274
2022-05-11,20.9584,-0.02167
2022-05-12,21.02754,0.0033
2022-05-13,22.18312,0.05496
2022-05-16,22.01521,-0.00757
2022-05-17,22.71646,0.03185
2022-05-18,22.09423,-0.02739
2022-05-19,22.51892,0.01922
2022-05-20,22.30164,-0.00965
2022-05-23,22.56831,0.01196
2022-05-24,22.17324,-0.01751
2022-05-25,22.44979,0.01247
2022-05-26,22.89424,0.0198
2022-05-27,23.48685,0.02588
2022-05-31,23.55598,0.00294
2022-06-01,23.15104,-0.01719
2022-06-02,24.10908,0.04138
2022-06-03,23.44734,-0.02745
2022-06-06,23.49672,0.00211
2022-06-07,23.68438,0.00799
2022-06-08,23.40783,-0.01168
2022-06-09,22.8251,-0.02489
2022-06-10,22.03497,-0.03462
2022-06-13,20.77075,-0.05737
2022-06-14,20.64235,-0.00618
2022-06-15,21.02754,0.01866
2022-06-16,20.28679,-0.03523
2022-06-17,20.46457,0.00876
2022-06-21,20.70161,0.01158
2022-06-22,20.65223,-0.00239
2022-06-23,20.64235,-0.00048
2022-06-24,21.32384,0.03301
2022-06-27,21.20532,-0.00556
2022-06-28,20.73124,-0.02236
2022-06-29,20.39171,-0.01638
2022-06-30,20.11454,-0.01359
2022-07-01,20.36201,0.0123
2022-07-05,20.50059,0.00681
2022-07-06,20.4808,-0.00097
2022-07-07,21.10443,0.03045
2022-07-08,21.03514,-0.00328
2022-07-11,20.4511,-0.02776
2022-07-12,20.02545,-0.02081
2022-07-13,19.93636,-0.00445
2022-07-14,19.87697,-0.00298
2022-07-15,20.31252,0.02191
2022-07-18,20.36201,0.00244
2022-07-19,21.08463,0.03549
2022-07-20,21.72806,0.03052
2022-07-21,22.14381,0.01913
2022-07-22,21.65876,-0.0219
2022-07-25,21.42119,-0.01097
2022-07-26,20.92625,-0.02311
2022-07-27,21.73796,0.03879
2022-07-28,21.96563,0.01047
2022-07-29,22.2923,0.01487
2022-08-01,22.53977,0.0111
2022-08-02,22.42098,-0.00527
2022-08-03,22.80704,0.01722
2022-08-04,22.99511,0.00825
2022-08-05,22.84663,-0.00646
2022-08-08,22.74764,-0.00433
2022-08-09,22.16361,-0.02567
2022-08-10,23.1535,0.04466
2022-08-11,23.00501,-0.00641
2022-08-12,23.51976,0.02238
2022-08-15,23.55935,0.00168
2022-08-16,23.31188,-0.0105
2022-08-17,22.81693,-0.02123
2022-08-18,22.81693,0.0
2022-08-19,22.09431,-0.03167
2022-08-22,21.39149,-0.03181
2022-08-23,21.3816,-0.00046
2022-08-24,21.54988,0.00787
2022-08-25,21.89634,0.01608
2022-08-26,21.00544,-0.04069
2022-08-29,20.70847,-0.01414
2022-08-30,20.51049,-0.00956
2022-08-31,20.39171,-0.00579
2022-09-01,19.93636,-0.02233
2022-09-02,19.73838,-0.00993
2022-09-06,19.63939,-0.00502
2022-09-07,19.88687,0.0126
2022-09-08,20.20363,0.01593
2022-09-09,20.79756,0.0294
2022-09-12,21.03514,0.01142
2022-09-13,19.86707,-0.05553
2022-09-14,19.84727,-0.001
2022-09-15,19.5899,-0.01297
2022-09-16,19.23354,-0.01819
2022-09-19,19.26324,0.00154
2022-09-20,19.05536,-0.01079
2022-09-21,18.83758,-0.01143
2022-09-22,18.46142,-0.01997
2022-09-23,18.13476,-0.01769
2022-09-26,18.02587,-0.006
2022-09-27,18.04567,0.0011
2022-09-28,18.51092,0.02578
2022-09-29,18.01598,-0.02674
2022-09-30,17.89719,-0.00659
2022-10-03,18.43173,0.02987
2022-10-04,19.33253,0.04887
2022-10-05,19.13455,-0.01024
2022-10-06,18.98606,-0.00776
2022-10-07,18.37233,-0.03233
2022-10-10,18.09517,-0.01509
2022-10-11,17.85759,-0.01313
2022-10-12,17.8279,-0.00166
2022-10-13,18.13476,0.01721
2022-10-14,17.49133,-0.03548
2022-10-17,18.13476,0.03679
2022-10-18,18.38223,0.01365
2022-10-19,18.22385,-0.00862
2022-10-20,18.14466,-0.00435
2022-10-21,18.54062,0.02182
2022-10-24,18.57031,0.0016
2022-10-25,19.38202,0.04371
2022-10-26,19.40182,0.00102
2022-10-27,19.32263,-0.00408
2022-10-28,19.58,0.01332
2022-10-31,19.42162,-0.00809
2022-11-01,19.59979,0.00917
2022-11-02,18.75839,-0.04293
2022-11-03,18.6792,-0.00422
2022-11-04,19.23354,0.02968
2022-11-07,19.48101,0.01287
2022-11-08,19.73838,0.01321
2022-11-09,19.22364,-0.02608
2022-11-10,20.75796,0.07981
2022-11-11,21.53998,0.03767
2022-11-14,21.13412,-0.01884
2022-11-15,21.45089,0.01499
2022-11-16,21.00544,-0.02077
2022-11-17,20.77777,-0.01084
2022-11-18,20.69857,-0.00381
2022-11-21,20.4709,-0.011
2022-11-22,20.75796,0.01402
2022-11-23,21.07473,0.01526
2022-11-25,21.15392,0.00376
2022-11-28,20.72827,-0.02012
2022-11-29,20.4709,-0.01242
2022-11-30,21.21332,0.03627
2022-12-01,21.52018,0.01447
2022-12-02,21.50038,-0.00092
2022-12-05,21.07473,-0.0198
2022-12-06,20.65898,-0.01973
2022-12-07,20.62928,-0.00144
2022-12-08,20.99554,0.01775
2022-12-09,20.93614,-0.00283
2022-12-12,21.27271,0.01608
2022-12-13,21.72806,0.02141
2022-12-14,21.57957,-0.00683
2022-12-15,20.71837,-0.03991
2022-12-16,20.74807,0.00143
2022-12-19,20.52039,-0.01097
2022-12-20,20.54019,0.00096
2022-12-21,20.82726,0.01398
2022-12-22,20.31252,-0.02471
2022-12-23,20.31252,0.0
2022-12-27,20.07495,-0.0117
2022-12-28,19.84727,-0.01134
2022-12-29,20.51049,0.03342
2022-12-30,20.34221,-0.0082
2023-01-03,20.4412,0.00487
2023-01-04,20.74807,0.01501
2023-01-05,20.4412,-0.01479
2023-01-06,21.02523,0.02857
2023-01-09,21.3519,0.01554
2023-01-10,21.49048,0.00649
2023-01-11,21.91614,0.01981
2023-01-12,22.21311,0.01355
2023-01-13,22.2626,0.00223
2023-01-17,22.60906,0.01556
2023-01-18,22.42098,-0.00832
2023-01-19,22.17351,-0.01104
2023-01-20,22.63875,0.02098
2023-01-23,23.05451,0.01836
2023-01-24,22.98522,-0.00301
2023-01-25,23.01491,0.00129
2023-01-26,23.24259,0.00989
2023-01-27,23.52966,0.01235
2023-01-30,23.21289,-0.01346
2023-01-31,23.55935,0.01493
2023-02-01,24.33146,0.03277
2023-02-02,24.69772,0.01505
2023-02-03,24.30177,-0.01603
2023-02-06,23.93551,-0.01507
2023-02-07,24.41066,0.01985
2023-02-08,24.0345,-0.01541
2023-02-09,23.77713,-0.01071
2023-02-10,23.62864,-0.00624
2023-02-13,23.75733,0.00545
2023-02-14,24.0048,0.01042
2023-02-15,24.0345,0.00124
2023-02-16,23.70784,-0.01359
2023-02-17,23.34158,-0.01545
2023-02-21,22.69815,-0.02757
2023-02-22,22.67835,-0.00087
2023-02-23,23.22279,0.02401
2023-02-24,23.00501,-0.00938
2023-02-27,23.31188,0.01334
2023-02-28,23.30198,-0.00042
2023-03-01,23.36137,0.00255
2023-03-02,23.43067,0.00297
2023-03-03,24.16318,0.03126
2023-03-06,24.05429,-0.00451
2023-03-07,23.66824,-0.01605
2023-03-08,23.95531,0.01213
2023-03-09,23.55935,-0.01653
2023-03-10,23.05451,-0.02143
2023-03-13,23.0743,0.00086
2023-03-14,23.47026,0.01716
2023-03-15,22.92582,-0.0232
2023-03-16,23.74743,0.03584
2023-03-17,23.51976,-0.00959
2023-03-20,23.80682,0.01221
2023-03-21,24.26217,0.01913
2023-03-22,23.985,-0.01142
2023-03-23,24.20278,0.00908
2023-03-24,24.11369,-0.00368
2023-03-27,24.23248,0.00493
2023-03-28,24.11369,-0.0049
2023-03-29,24.57894,0.01929
2023-03-30,24.77691,0.00805
2023-03-31,25.24216,0.01878
2023-04-03,25.20256,-0.00157
2023-04-04,24.81651,-0.01532
2023-04-05,24.34136,-0.01915
2023-04-06,24.25227,-0.00366
2023-04-10,24.44035,0.00776
2023-04-11,24.47995,0.00162
2023-04-12,24.39086,-0.00364
2023-04-13,24.79671,0.01664
2023-04-14,24.63833,-0.00639
2023-04-17,24.72742,0.00362
2023-04-18,24.84621,0.0048
2023-04-19,24.86601,0.0008
2023-04-20,24.74722,-0.00478
2023-04-21,24.9452,0.008
2023-04-24,24.85611,-0.00357
2023-04-25,24.37106,-0.01951
2023-04-26,24.28197,-0.00366
2023-04-27,24.74722,0.01916
2023-04-28,24.65813,-0.0036
2023-05-01,24.86601,0.00843
2023-05-02,24.52944,-0.01354
2023-05-03,24.60863,0.00323
2023-05-04,24.66803,0.00241
2023-05-05,25.04419,0.01525
2023-05-08,25.06398,0.00079
2023-05-09,25.02439,-0.00158
2023-05-10,25.31145,0.01147
2023-05-11,25.22237,-0.00352
2023-05-12,25.10358,-0.00471
2023-05-15,25.46984,0.01459
2023-05-16,25.39064,-0.00311
2023-05-17,25.63812,0.00975
2023-05-18,26.16276,0.02046
2023-05-19,26.31124,0.00568
2023-05-22,26.56861,0.00978
2023-05-23,25.95488,-0.0231
2023-05-24,25.87569,-0.00305
2023-05-25,26.65771,0.03022
2023-05-26,27.11305,0.01708
2023-05-30,27.49911,0.01424
2023-05-31,27.00417,-0.018
2023-06-01,27.53871,0.01979
2023-06-02,27.93466,0.01438
2023-06-05,28.15244,0.0078
2023-06-06,28.39001,0.00844
2023-06-07,27.71688,-0.02371
2023-06-08,27.92476,0.0075
2023-06-09,28.05345,0.00461
2023-06-12,28.51869,0.01658
2023-06-13,29.00374,0.01701
2023-06-14,29.12253,0.0041
2023-06-15,29.41949,0.0102
2023-06-16,29.29081,-0.00437
2023-06-20,28.98394,-0.01048
2023-06-21,28.64738,-0.01161
2023-06-22,28.40981,-0.00829
2023-06-23,27.65749,-0.02648
2023-06-26,27.47931,-0.00644
2023-06-27,27.89506,0.01513
2023-06-28,28.12274,0.00816
2023-06-29,28.06621,-0.00201
2023-06-30,28.50257,0.01555
2023-07-03,28.6315,0.00452
2023-07-05,28.29431,-0.01178
2023-07-06,27.7191,-0.02033
2023-07-07,27.97695,0.0093
2023-07-10,28.33398,0.01276
2023-07-11,28.65133,0.0112
2023-07-12,29.00836,0.01246
2023-07-13,29.62324,0.0212
2023-07-14,29.16704,-0.0154
2023-07-17,29.53398,0.01258
2023-07-18,29.88109,0.01175
2023-07-19,29.69266,-0.00631
2023-07-20,28.88935,-0.02705
2023-07-21,28.70093,-0.00652
2023-07-24,28.48274,-0.0076
2023-07-25,28.81993,0.01184
2023-07-26,29.00836,0.00654
2023-07-27,28.73067,-0.00957
2023-07-28,28.82985,0.00345
2023-07-31,28.89927,0.00241
2023-08-01,28.49266,-0.01407
2023-08-02,27.48108,-0.0355
2023-08-03,27.33232,-0.00541
2023-08-04,27.30257,-0.00109
2023-08-07,27.38191,0.00291
2023-08-08,26.89596,-0.01775
2023-08-09,26.30092,-0.02212
2023-08-10,26.3505,0.00189
2023-08-11,26.07281,-0.01054
2023-08-14,26.37033,0.01141
2023-08-15,26.07281,-0.01128
2023-08-16,25.59678,-0.01826
2023-08-17,25.17033,-0.01666
2023-08-18,25.21,0.00158
2023-08-21,25.48769,0.01101
2023-08-22,25.35876,-0.00506
2023-08-23,25.8943,0.02112
2023-08-24,25.4381,-0.01762
2023-08-25,25.56703,0.00507
2023-08-28,25.91414,0.01358
2023-08-29,26.39017,0.01837
2023-08-30,26.60835,0.00827
2023-08-31,26.50918,-0.00373
2023-09-01,26.50918,0.0
2023-09-05,26.36042,-0.00561
2023-09-06,26.24141,-0.00451
2023-09-07,25.93397,-0.01172
2023-09-08,25.65629,-0.01071
2023-09-11,25.74554,0.00348
2023-09-12,25.57695,-0.00655
2023-09-13,25.41827,-0.0062
2023-09-14,25.57695,0.00624
2023-09-15,25.21,-0.01435
2023-09-18,25.29926,0.00354
2023-09-19,25.16042,-0.00549
2023-09-20,24.88273,-0.01104
2023-09-21,24.25793,-0.02511
2023-09-22,24.36702,0.0045
2023-09-25,24.41661,0.00204
2023-09-26,23.92074,-0.02031
2023-09-27,24.20835,0.01202
2023-09-28,24.50587,0.01229
2023-09-29,24.51579,0.0004
2023-10-02,24.49595,-0.00081
2023-10-03,23.94058,-0.02267
2023-10-04,24.14884,0.0087
2023-10-05,24.22818,0.00329
2023-10-06,24.5257,0.01228
2023-10-09,24.39678,-0.00526
2023-10-10,24.6943,0.0122
2023-10-11,24.55545,-0.00562
2023-10-12,24.32735,-0.00929
2023-10-13,24.08934,-0.00978
2023-10-16,24.2976,0.00865
2023-10-17,24.27777,-0.00082
2023-10-18,23.51413,-0.03145
2023-10-19,23.3257,-0.00801
2023-10-20,22.85958,-0.01998
2023-10-23,22.95875,0.00434
2023-10-24,23.13727,0.00778
2023-10-25,22.55214,-0.02529
2023-10-26,22.22487,-0.01451
2023-10-27,22.15545,-0.00312
2023-10-30,22.34388,0.0085
2023-10-31,22.58189,0.01065
2023-11-01,22.90917,0.01449
2023-11-02,23.65297,0.03247
2023-11-03,24.24802,0.02516
2023-11-06,24.22818,-0.00082
2023-11-07,24.18851,-0.00164
2023-11-08,24.10917,-0.00328
2023-11-09,23.99016,-0.00494
2023-11-10,24.36702,0.01571
2023-11-13,24.40669,0.00163
2023-11-14,25.3191,0.03738
2023-11-15,25.42818,0.00431
2023-11-16,25.46785,0.00156
2023-11-17,25.63645,0.00662
2023-11-20,26.01331,0.0147
2023-11-21,26.04306,0.00114
2023-11-22,26.03314,-0.00038
2023-11-24,26.02323,-0.00038
2023-11-27,26.03314,0.00038
2023-11-28,25.94389,-0.00343
2023-11-29,26.31083,0.01414
2023-11-30,26.21166,-0.00377
2023-12-01,26.8067,0.0227
2023-12-04,26.49926,-0.01147
2023-12-05,26.3505,-0.00561
2023-12-06,26.14224,-0.0079
2023-12-07,26.33066,0.00721
2023-12-08,26.49926,0.0064
2023-12-11,26.61827,0.00449
2023-12-12,26.75711,0.00522
2023-12-13,27.21331,0.01705
2023-12-14,27.68935,0.01749
2023-12-15,27.95712,0.00967
2023-12-18,28.01662,0.00213
2023-12-19,28.35381,0.01204
2023-12-20,27.67943,-0.02378
2023-12-21,28.26456,0.02114
2023-12-22,28.15547,-0.00386
2023-12-26,28.37365,0.00775
2023-12-27,28.45299,0.0028
2023-12-28,28.48671,0.00119
2023-12-29,28.2685,-0.00766
